Symbol,Source,Period,Sector,Rank,Favorite Reasons,Favorite Notes
ANANTRAJ,Sector Top 5,Weekly,niftyrealty,2,,
APLAPOLLO,Sector Top 5,3M,niftymetal,2,,
ASTRAMICRO,Sector Top 5,6M,niftyindiadefence,5,,
AUROPHARMA,Sector Top 5,1M,niftypharma,5,,
BLUESTARCO,Sector Top 5,Weekly,niftyconsumerdurables,3,,
CAPLIPOINT,Sector Top 5,1M,nifty500healthcare,2,,
COFORGE,Sector Top 5,3M,niftyit,2,,
CYIENTDLM,Sector Top 5,6M,niftyindiadefence,1,,
DIVISLAB,Sector Top 5,1M,nifty500healthcare,5,,
DIVISLAB,Sector Top 5,1M,niftypharma,2,,
DIVISLAB,Sector Top 5,6M,niftypharma,4,,
DIXON,Sector Top 5,Weekly,niftyconsumerdurables,2,,
DLF,Sector Top 5,Weekly,niftyrealty,4,,
DRREDDY,Sector Top 5,1M,niftypharma,4,,
GLAND,Sector Top 5,6M,niftypharma,3,,
HCLTECH,Sector Top 5,3M,niftyit,3,,
HINDZINC,Sector Top 5,3M,niftymetal,5,,
INDGN,Sector Top 5,1M,nifty500healthcare,3,,
JINDALSTEL,Sector Top 5,3M,niftymetal,4,,
JSL,Sector Top 5,3M,niftymetal,3,,
JUBLPHARMA,Sector Top 5,1M,nifty500healthcare,1,,
KAJARIACER,Sector Top 5,Weekly,niftyconsumerdurables,5,,
LAURUSLABS,Sector Top 5,1M,niftypharma,3,,
LAURUSLABS,Sector Top 5,6M,niftypharma,1,,
LTM,Sector Top 5,3M,niftyit,4,,
MTARTECH,Sector Top 5,6M,niftyindiadefence,4,,
OBEROIRLTY,Sector Top 5,Weekly,niftyrealty,5,,
PARAS,Sector Top 5,6M,niftyindiadefence,3,,
PERSISTENT,Sector Top 5,3M,niftyit,1,,
PHOENIXLTD,Sector Top 5,Weekly,niftyrealty,3,,
PPLPHARMA,Sector Top 5,6M,niftypharma,5,,
SAILIFE,Sector Top 5,1M,nifty500healthcare,4,,
SIGNATURE,Sector Top 5,Weekly,niftyrealty,1,,
TECHM,Sector Top 5,3M,niftyit,5,,
UNIMECH,Sector Top 5,6M,niftyindiadefence,2,,
VOLTAS,Sector Top 5,Weekly,niftyconsumerdurables,4,,
WELCORP,Sector Top 5,3M,niftymetal,1,,
WHIRLPOOL,Sector Top 5,Weekly,niftyconsumerdurables,1,,
WOCKPHARMA,Sector Top 5,1M,niftypharma,1,,
WOCKPHARMA,Sector Top 5,6M,niftypharma,2,,
