Scan Time,Symbol,Tag,Universe Sources,Universe Periods,Universe Sectors,Universe Ranks,Favorite Reasons,Favorite Notes,Chartink URL,Instrument Key,Current LTP,Current Week RSI,Previous Week RSI,Weekly RSI Change,Current Hour,Current Hourly RSI,Previous Hourly RSI,Hourly RSI Change,Hourly RSI Rising,Price Confirmation,Completed Hourly Close,Previous Hourly High,Hourly RSI Touched 30,15m Price Confirmation,Completed 15m Close,Previous 15m High,15m Confirmation Candle,Current 15m Candle,Current 15m RSI,Previous 15m Candle RSI,15m RSI Change,15m RSI Rising,15m Rising Count,History Transition,Scan Mode,Monitoring Status,Monitoring Started,Last 15m Check,Category,Signal,Reason
2026-08-25 23:45:46,KIRLOSENG,YTD Top 50,YTD Top 50,YTD,nifty500,23.0,,,https://chartink.com/stocks/KIRLOSENG.html,NSE_EQ|INE146L01010,2029.3,55.9,59.01,-3.1,2026-08-25 23:00,31.88,41.49,-9.61,NO,NO,2069.0,2080.3,NO,NO,2028.0,2032.5,2026-08-25 15:15,,,,,,,15m logic removed,15M MONITOR,MONITORING,,,WATCH,👀 WATCH,"Weekly RSI 55.90 > 50, but Hourly RSI has not touched 30 (current 31.88)"
2026-08-25 23:45:41,DATAPATTNS,Sector Top 5 | YTD Top 50,Sector Top 5 | YTD Top 50,6M | YTD,niftyindiadefence | nifty500,5.0 | 13.0,,,https://chartink.com/stocks/DATAPATTNS.html,NSE_EQ|INE0IX101010,4542.3,59.13,65.47,-6.34,2026-08-25 23:00,32.11,47.66,-15.55,NO,NO,4730.0,4759.0,NO,NO,4548.0,4577.0,2026-08-25 15:15,,,,,,,15m logic removed,15M MONITOR,MONITORING,,,WATCH,👀 WATCH,"Weekly RSI 59.13 > 50, but Hourly RSI has not touched 30 (current 32.11)"
2026-08-25 23:45:53,RRKABEL,YTD Top 50,YTD Top 50,YTD,nifty500,7.0,,,https://chartink.com/stocks/RRKABEL.html,NSE_EQ|INE777K01022,2801.2,73.01,79.4,-6.39,2026-08-25 23:00,32.79,46.11,-13.31,NO,NO,2871.0,2904.4,NO,NO,2807.0,2813.0,2026-08-25 15:15,,,,,,,15m logic removed,15M MONITOR,MONITORING,,,WATCH,👀 WATCH,"Weekly RSI 73.01 > 50, but Hourly RSI has not touched 30 (current 32.79)"
2026-08-25 23:45:52,POWERINDIA,YTD Top 50,YTD Top 50,YTD,niftylargemidcap250,11.0,,,https://chartink.com/stocks/POWERINDIA.html,NSE_EQ|INE07Y701011,33300.0,55.85,58.2,-2.35,2026-08-25 23:00,32.86,42.26,-9.4,NO,NO,33840.0,33900.0,NO,NO,33300.0,33310.0,2026-08-25 15:15,,,,,,,15m logic removed,15M MONITOR,MONITORING,,,WATCH,👀 WATCH,"Weekly RSI 55.85 > 50, but Hourly RSI has not touched 30 (current 32.86)"
2026-08-25 23:45:37,BALRAMCHIN,YTD Top 50,YTD Top 50,YTD,nifty500,34.0,,,https://chartink.com/stocks/BALRAMCHIN.html,NSE_EQ|INE119A01028,668.1,66.05,80.13,-14.08,2026-08-25 23:00,35.59,40.1,-4.51,NO,NO,683.0,719.9,NO,NO,667.5,672.65,2026-08-25 15:15,,,,,,,15m logic removed,15M MONITOR,MONITORING,,,WATCH,👀 WATCH,"Weekly RSI 66.05 > 50, but Hourly RSI has not touched 30 (current 35.59)"
2026-08-25 23:45:33,AEGISLOG,Favorite | YTD Top 50,Favorite | YTD Top 50,YTD,niftyoilgas,10.0,All Time High,,https://chartink.com/stocks/AEGISLOG.html,NSE_EQ|INE208C01025,1321.6,65.0,71.89,-6.9,2026-08-25 23:00,36.2,41.52,-5.31,NO,NO,1340.5,1349.9,NO,NO,1318.8,1334.5,2026-08-25 15:15,,,,,,,15m logic removed,15M MONITOR,MONITORING,,,WATCH,👀 WATCH,"Weekly RSI 65.00 > 50, but Hourly RSI has not touched 30 (current 36.20)"
2026-08-25 23:45:47,LLOYDSME,YTD Top 50,YTD Top 50,YTD,niftylargemidcap250,49.0,,,https://chartink.com/stocks/LLOYDSME.html,NSE_EQ|INE281B01032,1844.7,58.08,59.58,-1.5,2026-08-25 23:00,36.38,27.1,9.28,YES,NO,1829.3,1838.7,NO,NO,1840.0,1850.0,2026-08-25 15:15,,,,,,,15m logic removed,15M MONITOR,MONITORING,,,WATCH,👀 WATCH,"Weekly RSI 58.08 > 50, but Hourly RSI has not touched 30 (current 36.38)"
2026-08-25 23:45:51,PARAS,Favorite | Sector Top 5 | YTD Top 50,Favorite | Sector Top 5 | YTD Top 50,3M | 6M | YTD,niftyindiadefence,2.0 | 1.0 | 4.0,Volume Shocker,,https://chartink.com/stocks/PARAS.html,NSE_EQ|INE045601023,1445.2,69.55,73.5,-3.94,2026-08-25 23:00,37.84,60.12,-22.29,NO,NO,1521.0,1528.0,NO,NO,1444.0,1454.5,2026-08-25 15:15,,,,,,,15m logic removed,15M MONITOR,MONITORING,,,WATCH,👀 WATCH,"Weekly RSI 69.55 > 50, but Hourly RSI has not touched 30 (current 37.84)"
2026-08-25 23:45:54,SAREGAMA,YTD Top 50,YTD Top 50,YTD,niftymedia,44.0,,,https://chartink.com/stocks/SAREGAMA.html,NSE_EQ|INE979A01025,504.7,65.3,65.94,-0.64,2026-08-25 23:00,37.84,46.53,-8.69,NO,NO,512.0,515.95,NO,YES,506.6,506.0,2026-08-25 15:15,,,,,,,15m logic removed,15M MONITOR,MONITORING,,,WATCH,👀 WATCH,"Weekly RSI 65.30 > 50, but Hourly RSI has not touched 30 (current 37.84)"
2026-08-25 23:45:49,NETWEB,YTD Top 50,YTD Top 50,YTD,nifty500,15.0,,,https://chartink.com/stocks/NETWEB.html,NSE_EQ|INE0NT901020,5273.5,63.61,69.72,-6.12,2026-08-25 23:00,38.2,51.47,-13.27,NO,NO,5435.0,5496.0,NO,NO,5295.0,5298.0,2026-08-25 15:15,,,,,,,15m logic removed,15M MONITOR,MONITORING,,,WATCH,👀 WATCH,"Weekly RSI 63.61 > 50, but Hourly RSI has not touched 30 (current 38.20)"
2026-08-25 23:46:00,ZENTEC,Sector Top 5,Sector Top 5,3M,niftyindiadefence,5.0,,,https://chartink.com/stocks/ZENTEC.html,NSE_EQ|INE251B01027,1877.7,58.74,61.36,-2.62,2026-08-25 23:00,38.33,46.35,-8.02,NO,NO,1902.5,1923.0,NO,NO,1862.4,1881.5,2026-08-25 15:15,,,,,,,15m logic removed,15M MONITOR,MONITORING,,,WATCH,👀 WATCH,"Weekly RSI 58.74 > 50, but Hourly RSI has not touched 30 (current 38.33)"
2026-08-25 23:45:43,GRANULES,Sector Top 5 | YTD Top 50,Sector Top 5 | YTD Top 50,6M | YTD,niftymidsmallhealthcare | nifty500healthcare,4.0 | 45.0,,,https://chartink.com/stocks/GRANULES.html,NSE_EQ|INE101D01020,845.95,63.9,66.39,-2.48,2026-08-25 23:00,38.45,52.35,-13.9,NO,NO,857.0,860.5,NO,NO,844.4,849.0,2026-08-25 15:15,,,,,,,15m logic removed,15M MONITOR,MONITORING,,,WATCH,👀 WATCH,"Weekly RSI 63.90 > 50, but Hourly RSI has not touched 30 (current 38.45)"
2026-08-25 23:45:44,INOXINDIA,YTD Top 50,YTD Top 50,YTD,nifty500,22.0,,,https://chartink.com/stocks/INOXINDIA.html,NSE_EQ|INE616N01034,1900.0,68.22,71.46,-3.23,2026-08-25 23:00,38.63,47.36,-8.73,NO,NO,1926.6,1947.8,NO,NO,1894.9,1915.0,2026-08-25 15:15,,,,,,,15m logic removed,15M MONITOR,MONITORING,,,WATCH,👀 WATCH,"Weekly RSI 68.22 > 50, but Hourly RSI has not touched 30 (current 38.63)"
2026-08-25 23:45:58,UNIMECH,Sector Top 5 | YTD Top 50,Sector Top 5 | YTD Top 50,3M | YTD,niftyindiadefence,3.0 | 26.0,,,https://chartink.com/stocks/UNIMECH.html,NSE_EQ|INE0U3I01011,1473.5,71.36,73.07,-1.71,2026-08-25 23:00,39.08,47.11,-8.04,NO,NO,1496.9,1515.8,NO,NO,1479.0,1483.2,2026-08-25 15:15,,,,,,,15m logic removed,15M MONITOR,MONITORING,,,WATCH,👀 WATCH,"Weekly RSI 71.36 > 50, but Hourly RSI has not touched 30 (current 39.08)"
2026-08-25 23:45:50,NEULANDLAB,Sector Top 5 | YTD Top 50,Sector Top 5 | YTD Top 50,6M | YTD,niftymidsmallhealthcare,2.0 | 33.0,,,https://chartink.com/stocks/NEULANDLAB.html,NSE_EQ|INE794A01010,22989.0,75.0,77.34,-2.34,2026-08-25 23:00,40.16,35.14,5.02,YES,NO,22901.0,22942.0,NO,NO,22989.0,23000.0,2026-08-25 15:15,,,,,,,15m logic removed,15M MONITOR,MONITORING,,,WATCH,👀 WATCH,"Weekly RSI 75.00 > 50, but Hourly RSI has not touched 30 (current 40.16)"
2026-08-25 23:45:36,ATHERENERG,Favorite | YTD Top 50,Favorite | YTD Top 50,YTD,nifty500,8.0,Other,,https://chartink.com/stocks/ATHERENERG.html,NSE_EQ|INE0LEZ01016,1439.4,73.81,75.96,-2.15,2026-08-25 23:00,40.38,47.69,-7.31,NO,NO,1454.8,1458.7,NO,NO,1442.9,1445.0,2026-08-25 15:15,,,,,,,15m logic removed,15M MONITOR,MONITORING,,,WATCH,👀 WATCH,"Weekly RSI 73.81 > 50, but Hourly RSI has not touched 30 (current 40.38)"
2026-08-25 23:45:42,FINCABLES,YTD Top 50,YTD Top 50,YTD,nifty500,19.0,,,https://chartink.com/stocks/FINCABLES.html,NSE_EQ|INE235A01022,1259.85,66.45,66.51,-0.06,2026-08-25 23:00,41.21,52.36,-11.15,NO,NO,1290.0,1293.05,NO,YES,1263.6,1262.4,2026-08-25 15:15,,,,,,,15m logic removed,15M MONITOR,MONITORING,,,WATCH,👀 WATCH,"Weekly RSI 66.45 > 50, but Hourly RSI has not touched 30 (current 41.21)"
2026-08-25 23:45:56,SONACOMS,YTD Top 50,YTD Top 50,YTD,niftyevnewageautomotive,16.0,,,https://chartink.com/stocks/SONACOMS.html,NSE_EQ|INE073K01018,808.8,76.01,78.16,-2.15,2026-08-25 23:00,41.41,46.24,-4.82,NO,YES,813.5,812.8,NO,YES,808.8,807.75,2026-08-25 15:15,,,,,,,15m logic removed,15M MONITOR,MONITORING,,,WATCH,👀 WATCH,"Weekly RSI 76.01 > 50, but Hourly RSI has not touched 30 (current 41.41)"
2026-08-25 23:45:35,AKUMS,YTD Top 50,YTD Top 50,YTD,nifty500,24.0,,,https://chartink.com/stocks/AKUMS.html,NSE_EQ|INE09XN01023,744.85,71.64,72.76,-1.11,2026-08-25 23:00,41.6,63.24,-21.64,NO,YES,773.0,772.75,NO,NO,744.85,747.4,2026-08-25 15:15,,,,,,,15m logic removed,15M MONITOR,MONITORING,,,WATCH,👀 WATCH,"Weekly RSI 71.64 > 50, but Hourly RSI has not touched 30 (current 41.60)"
2026-08-25 23:45:59,VIJAYA,YTD Top 50,YTD Top 50,YTD,nifty500healthcare,48.0,,,https://chartink.com/stocks/VIJAYA.html,NSE_EQ|INE043W01024,1482.3,68.48,71.02,-2.54,2026-08-25 23:00,44.44,42.48,1.97,YES,NO,1480.0,1489.6,NO,NO,1482.3,1491.6,2026-08-25 15:15,,,,,,,15m logic removed,15M MONITOR,MONITORING,,,WATCH,👀 WATCH,"Weekly RSI 68.48 > 50, but Hourly RSI has not touched 30 (current 44.44)"
2026-08-25 23:45:36,ALIVUS,YTD Top 50,YTD Top 50,YTD,nifty500healthcare,36.0,,,https://chartink.com/stocks/ALIVUS.html,NSE_EQ|INE03Q201024,1354.3,73.5,73.32,0.18,2026-08-25 23:00,44.82,51.24,-6.43,NO,NO,1366.0,1371.9,NO,YES,1354.3,1350.0,2026-08-25 15:15,,,,,,,15m logic removed,15M MONITOR,MONITORING,,,WATCH,👀 WATCH,"Weekly RSI 73.50 > 50, but Hourly RSI has not touched 30 (current 44.82)"
2026-08-25 23:45:34,AFFLE,Sector Top 5,Sector Top 5,1M,niftyindiadigital,3.0,,,https://chartink.com/stocks/AFFLE.html,NSE_EQ|INE00WC01027,1710.8,62.71,63.48,-0.77,2026-08-25 23:00,47.41,64.54,-17.13,NO,YES,1746.1,1741.9,NO,NO,1710.5,1712.0,2026-08-25 15:15,,,,,,,15m logic removed,15M MONITOR,MONITORING,,,WATCH,👀 WATCH,"Weekly RSI 62.71 > 50, but Hourly RSI has not touched 30 (current 47.41)"
2026-08-25 23:45:39,CHENNPETRO,YTD Top 50,YTD Top 50,YTD,nifty500,21.0,,,https://chartink.com/stocks/CHENNPETRO.html,NSE_EQ|INE178A01016,1401.2,73.58,73.24,0.34,2026-08-25 23:00,47.47,51.82,-4.35,NO,NO,1413.5,1420.0,NO,NO,1401.9,1404.0,2026-08-25 15:15,,,,,,,15m logic removed,15M MONITOR,MONITORING,,,WATCH,👀 WATCH,"Weekly RSI 73.58 > 50, but Hourly RSI has not touched 30 (current 47.47)"
2026-08-25 23:45:48,NAUKRI,Sector Top 5,Sector Top 5,3M,Nifty India Internet Index,4.0,,,https://chartink.com/stocks/NAUKRI.html,NSE_EQ|INE663F01032,1350.0,70.62,70.63,-0.01,2026-08-25 23:00,47.76,46.94,0.82,YES,YES,1349.0,1345.0,NO,YES,1350.0,1348.0,2026-08-25 15:15,,,,,,,15m logic removed,15M MONITOR,MONITORING,,,WATCH,👀 WATCH,"Weekly RSI 70.62 > 50, but Hourly RSI has not touched 30 (current 47.76)"
2026-08-25 23:45:47,MTARTECH,Sector Top 5 | YTD Top 50,Sector Top 5 | YTD Top 50,6M | YTD,niftyindiadefence,4.0 | 3.0,,,https://chartink.com/stocks/MTARTECH.html,NSE_EQ|INE864I01014,6930.0,58.99,60.06,-1.07,2026-08-25 23:00,47.93,33.41,14.52,YES,NO,6800.0,6865.0,NO,NO,6930.0,6949.0,2026-08-25 15:15,,,,,,,15m logic removed,15M MONITOR,MONITORING,,,WATCH,👀 WATCH,"Weekly RSI 58.99 > 50, but Hourly RSI has not touched 30 (current 47.93)"
2026-08-25 23:45:38,BHARATFORG,YTD Top 50,YTD Top 50,YTD,niftyindiadefence,50.0,,,https://chartink.com/stocks/BHARATFORG.html,NSE_EQ|INE465A01025,2052.5,56.6,57.33,-0.74,2026-08-25 23:00,48.09,40.12,7.97,YES,NO,2041.0,2048.1,NO,YES,2052.5,2044.4,2026-08-25 15:15,,,,,,,15m logic removed,15M MONITOR,MONITORING,,,WATCH,👀 WATCH,"Weekly RSI 56.60 > 50, but Hourly RSI has not touched 30 (current 48.09)"
2026-08-25 23:45:42,GLAND,Sector Top 5 | YTD Top 50,Sector Top 5 | YTD Top 50,6M | YTD,niftymidsmallhealthcare | niftypharma,3.0 | 25.0,,,https://chartink.com/stocks/GLAND.html,NSE_EQ|INE068V01023,2824.6,71.42,71.31,0.11,2026-08-25 23:00,48.24,45.12,3.12,YES,NO,2811.9,2816.7,NO,NO,2830.4,2835.9,2026-08-25 15:15,,,,,,,15m logic removed,15M MONITOR,MONITORING,,,WATCH,👀 WATCH,"Weekly RSI 71.42 > 50, but Hourly RSI has not touched 30 (current 48.24)"
2026-08-25 23:45:56,SOLARINDS,YTD Top 50,YTD Top 50,YTD,nifty200,27.0,,,https://chartink.com/stocks/SOLARINDS.html,NSE_EQ|INE343H01029,19800.0,69.65,70.65,-1.0,2026-08-25 23:00,48.79,55.19,-6.41,NO,NO,19925.0,19945.0,NO,NO,19800.0,19800.0,2026-08-25 15:15,,,,,,,15m logic removed,15M MONITOR,MONITORING,,,WATCH,👀 WATCH,"Weekly RSI 69.65 > 50, but Hourly RSI has not touched 30 (current 48.79)"
2026-08-25 23:45:52,RADICO,YTD Top 50,YTD Top 50,YTD,nifty500,47.0,,,https://chartink.com/stocks/RADICO.html,NSE_EQ|INE944F01028,4630.0,85.35,86.01,-0.66,2026-08-25 23:00,48.96,41.24,7.72,YES,NO,4600.0,4615.0,NO,NO,4630.0,4650.0,2026-08-25 15:15,,,,,,,15m logic removed,15M MONITOR,MONITORING,,,WATCH,👀 WATCH,"Weekly RSI 85.35 > 50, but Hourly RSI has not touched 30 (current 48.96)"
2026-08-25 23:45:45,JINDALSAW,YTD Top 50,YTD Top 50,YTD,nifty500,20.0,,,https://chartink.com/stocks/JINDALSAW.html,NSE_EQ|INE324A01032,281.75,63.05,67.32,-4.28,2026-08-25 23:00,49.03,58.02,-8.99,NO,NO,286.25,290.65,NO,NO,281.55,282.55,2026-08-25 15:15,,,,,,,15m logic removed,15M MONITOR,MONITORING,,,WATCH,👀 WATCH,"Weekly RSI 63.05 > 50, but Hourly RSI has not touched 30 (current 49.03)"
2026-08-25 23:45:57,SYRMA,YTD Top 50,YTD Top 50,YTD,nifty500,6.0,,,https://chartink.com/stocks/SYRMA.html,NSE_EQ|INE0DYJ01015,1458.1,67.99,67.21,0.78,2026-08-25 23:00,49.23,49.86,-0.63,NO,NO,1459.0,1462.5,NO,NO,1460.0,1460.0,2026-08-25 15:15,,,,,,,15m logic removed,15M MONITOR,MONITORING,,,WATCH,👀 WATCH,"Weekly RSI 67.99 > 50, but Hourly RSI has not touched 30 (current 49.23)"
2026-08-25 23:45:17,OFSS,YTD Top 50,YTD Top 50,YTD,nifty500,32.0,,,https://chartink.com/stocks/OFSS.html,NSE_EQ|INE881D01027,11729.0,66.79,66.76,0.03,2026-08-25 23:00,50.58,34.83,15.76,YES,NO,11518.0,11593.0,NO,NO,,,,,,,,,,15m logic removed,HOURLY,NORMAL,,,WATCH,👀 WATCH,Weekly RSI 66.79 > 50; Hourly RSI 50.58; 15m confirmation checked only while monitored
2026-08-25 23:45:04,HONASA,YTD Top 50,YTD Top 50,YTD,nifty500,14.0,,,https://chartink.com/stocks/HONASA.html,NSE_EQ|INE0J5401028,485.5,71.79,71.25,0.54,2026-08-25 23:00,51.27,61.59,-10.32,NO,NO,490.95,493.0,NO,NO,,,,,,,,,,15m logic removed,HOURLY,NORMAL,,,WATCH,👀 WATCH,Weekly RSI 71.79 > 50; Hourly RSI 51.27; 15m confirmation checked only while monitored
2026-08-25 23:44:43,ACMESOLAR,YTD Top 50,YTD Top 50,YTD,nifty500,18.0,,,https://chartink.com/stocks/ACMESOLAR.html,NSE_EQ|INE622W01025,399.3,69.73,70.63,-0.89,2026-08-25 23:00,52.7,67.31,-14.61,NO,NO,408.55,409.6,NO,NO,,,,,,,,,,15m logic removed,HOURLY,NORMAL,,,WATCH,👀 WATCH,Weekly RSI 69.73 > 50; Hourly RSI 52.70; 15m confirmation checked only while monitored
2026-08-25 23:45:26,STYL,Sector Top 5 | YTD Top 50,Sector Top 5 | YTD Top 50,3M | YTD,Nifty India Internet Index,3.0 | 39.0,,,https://chartink.com/stocks/STYL.html,NSE_EQ|INE04VU01023,394.0,63.51,63.29,0.22,2026-08-25 23:00,52.86,45.66,7.2,YES,YES,389.9,388.6,NO,NO,,,,,,,,,,15m logic removed,HOURLY,NORMAL,,,WATCH,👀 WATCH,Weekly RSI 63.51 > 50; Hourly RSI 52.86; 15m confirmation checked only while monitored
2026-08-25 23:45:28,THOMASCOOK,Sector Top 5,Sector Top 5,Weekly,Nifty India Internet Index,4.0,,,https://chartink.com/stocks/THOMASCOOK.html,NSE_EQ|INE332A01027,110.42,51.68,54.04,-2.36,2026-08-25 23:00,54.1,64.77,-10.67,NO,NO,112.5,116.0,NO,NO,,,,,,,,,,15m logic removed,HOURLY,NORMAL,,,WATCH,👀 WATCH,Weekly RSI 51.68 > 50; Hourly RSI 54.10; 15m confirmation checked only while monitored
2026-08-25 23:45:04,HINDZINC,Sector Top 5,Sector Top 5,Weekly,niftymetal,3.0,,,https://chartink.com/stocks/HINDZINC.html,NSE_EQ|INE267A01025,592.6,54.48,54.87,-0.39,2026-08-25 23:00,54.27,69.83,-15.56,NO,NO,604.0,614.2,NO,NO,,,,,,,,,,15m logic removed,HOURLY,NORMAL,,,WATCH,👀 WATCH,Weekly RSI 54.48 > 50; Hourly RSI 54.27; 15m confirmation checked only while monitored
2026-08-25 23:45:07,J&KBANK,YTD Top 50,YTD Top 50,YTD,nifty500,35.0,,,https://chartink.com/stocks/J%26KBANK.html,NSE_EQ|INE168A01041,149.52,52.25,52.0,0.25,2026-08-25 23:00,54.34,27.67,26.67,YES,NO,146.25,147.19,NO,NO,,,,,,,,,,15m logic removed,HOURLY,NORMAL,,,WATCH,👀 WATCH,Weekly RSI 52.25 > 50; Hourly RSI 54.34; 15m confirmation checked only while monitored
2026-08-25 23:45:14,NATIONALUM,Sector Top 5,Sector Top 5,1M,niftymetal,3.0,,,https://chartink.com/stocks/NATIONALUM.html,NSE_EQ|INE139A01034,397.8,58.85,58.11,0.73,2026-08-25 23:00,54.46,66.75,-12.29,NO,NO,403.3,403.85,NO,NO,,,,,,,,,,15m logic removed,HOURLY,NORMAL,,,WATCH,👀 WATCH,Weekly RSI 58.85 > 50; Hourly RSI 54.46; 15m confirmation checked only while monitored
2026-08-25 23:45:22,SAILIFE,YTD Top 50,YTD Top 50,YTD,nifty500,28.0,,,https://chartink.com/stocks/SAILIFE.html,NSE_EQ|INE570L01029,1455.5,80.18,80.51,-0.33,2026-08-25 23:00,54.58,40.78,13.79,YES,NO,1436.8,1439.0,NO,NO,,,,,,,,,,15m logic removed,HOURLY,NORMAL,,,WATCH,👀 WATCH,Weekly RSI 80.18 > 50; Hourly RSI 54.58; 15m confirmation checked only while monitored
2026-08-25 23:44:49,APLAPOLLO,Sector Top 5,Sector Top 5,1M,niftymetal,2.0,,,https://chartink.com/stocks/APLAPOLLO.html,NSE_EQ|INE702C01027,2139.3,64.69,64.68,0.01,2026-08-25 23:00,55.36,60.96,-5.6,NO,NO,2145.0,2150.0,NO,NO,,,,,,,,,,15m logic removed,HOURLY,NORMAL,,,WATCH,👀 WATCH,Weekly RSI 64.69 > 50; Hourly RSI 55.36; 15m confirmation checked only while monitored
2026-08-25 23:44:53,BHEL,YTD Top 50,YTD Top 50,YTD,nifty500,41.0,,,https://chartink.com/stocks/BHEL.html,NSE_EQ|INE257A01026,417.0,63.41,62.61,0.79,2026-08-25 23:00,55.83,41.94,13.88,YES,NO,411.4,412.4,NO,NO,,,,,,,,,,15m logic removed,HOURLY,NORMAL,,,WATCH,👀 WATCH,Weekly RSI 63.41 > 50; Hourly RSI 55.83; 15m confirmation checked only while monitored
2026-08-25 23:45:03,HINDALCO,Sector Top 5,Sector Top 5,1M,niftymetal,5.0,,,https://chartink.com/stocks/HINDALCO.html,NSE_EQ|INE038A01020,1051.05,59.04,57.17,1.87,2026-08-25 23:00,57.4,65.54,-8.14,NO,YES,1058.5,1053.9,NO,NO,,,,,,,,,,15m logic removed,HOURLY,NORMAL,,,WATCH,👀 WATCH,Weekly RSI 59.04 > 50; Hourly RSI 57.40; 15m confirmation checked only while monitored
2026-08-25 23:44:49,APARINDS,YTD Top 50,YTD Top 50,YTD,niftylargemidcap250,5.0,,,https://chartink.com/stocks/APARINDS.html,NSE_EQ|INE372A01015,17001.0,72.54,72.04,0.5,2026-08-25 23:00,59.08,46.8,12.29,YES,NO,16720.0,16758.0,NO,NO,,,,,,,,,,15m logic removed,HOURLY,NORMAL,,,WATCH,👀 WATCH,Weekly RSI 72.54 > 50; Hourly RSI 59.08; 15m confirmation checked only while monitored
2026-08-25 23:44:41,AARTIIND,YTD Top 50,YTD Top 50,YTD,niftychemicals,43.0,,,https://chartink.com/stocks/AARTIIND.html,NSE_EQ|INE769A01020,538.9,66.04,64.12,1.92,2026-08-25 23:00,59.31,66.48,-7.17,NO,NO,543.05,544.55,NO,NO,,,,,,,,,,15m logic removed,HOURLY,NORMAL,,,WATCH,👀 WATCH,Weekly RSI 66.04 > 50; Hourly RSI 59.31; 15m confirmation checked only while monitored
2026-08-25 23:44:50,ASTRAMICRO,Sector Top 5 | YTD Top 50,Sector Top 5 | YTD Top 50,3M | 6M | YTD,niftyindiadefence,4.0 | 3.0 | 12.0,,,https://chartink.com/stocks/ASTRAMICRO.html,NSE_EQ|INE386C01029,1708.0,64.04,62.15,1.89,2026-08-25 23:00,60.63,43.35,17.28,YES,NO,1668.0,1669.0,NO,NO,,,,,,,,,,15m logic removed,HOURLY,NORMAL,,,WATCH,👀 WATCH,Weekly RSI 64.04 > 50; Hourly RSI 60.63; 15m confirmation checked only while monitored
2026-08-25 23:45:31,WELSPUNLIV,YTD Top 50,YTD Top 50,YTD,nifty500,40.0,,,https://chartink.com/stocks/WELSPUNLIV.html,NSE_EQ|INE192B01031,190.3,73.84,73.5,0.34,2026-08-25 23:00,60.84,61.38,-0.55,NO,NO,190.45,191.64,NO,NO,,,,,,,,,,15m logic removed,HOURLY,NORMAL,,,WATCH,👀 WATCH,Weekly RSI 73.84 > 50; Hourly RSI 60.84; 15m confirmation checked only while monitored
2026-08-25 23:45:19,POLICYBZR,Sector Top 5,Sector Top 5,1M,niftyindiadigital,5.0,,,https://chartink.com/stocks/POLICYBZR.html,NSE_EQ|INE417T01026,1798.3,61.6,61.43,0.17,2026-08-25 23:00,61.02,53.86,7.16,YES,NO,1785.0,1797.1,NO,NO,,,,,,,,,,15m logic removed,HOURLY,NORMAL,,,WATCH,👀 WATCH,Weekly RSI 61.60 > 50; Hourly RSI 61.02; 15m confirmation checked only while monitored
2026-08-25 23:44:57,ENGINERSIN,Favorite,Favorite,,nifty500,,Volume Shocker,,https://chartink.com/stocks/ENGINERSIN.html,NSE_EQ|INE510A01028,250.38,59.41,57.41,2.0,2026-08-25 23:00,61.19,78.72,-17.54,NO,YES,256.0,254.8,NO,NO,,,,,,,,,,15m logic removed,HOURLY,NORMAL,,,WATCH,👀 WATCH,Weekly RSI 59.41 > 50; Hourly RSI 61.19; 15m confirmation checked only while monitored
2026-08-25 23:44:45,ADANIPOWER,YTD Top 50,YTD Top 50,YTD,nifty200,42.0,,,https://chartink.com/stocks/ADANIPOWER.html,NSE_EQ|INE814H01029,206.33,54.56,54.04,0.52,2026-08-25 23:00,62.43,47.83,14.6,YES,YES,203.7,203.44,NO,NO,,,,,,,,,,15m logic removed,HOURLY,NORMAL,,,WATCH,👀 WATCH,Weekly RSI 54.56 > 50; Hourly RSI 62.43; 15m confirmation checked only while monitored
2026-08-25 23:45:12,MEESHO,Sector Top 5,Sector Top 5,Weekly,Nifty India Internet Index,5.0,,,https://chartink.com/stocks/MEESHO.html,NSE_EQ|INE0VDM01015,206.32,61.41,61.19,0.22,2026-08-25 23:00,62.72,59.9,2.81,YES,NO,205.19,206.1,NO,NO,,,,,,,,,,15m logic removed,HOURLY,NORMAL,,,WATCH,👀 WATCH,Weekly RSI 61.41 > 50; Hourly RSI 62.72; 15m confirmation checked only while monitored
2026-08-25 23:45:27,TBOTEK,Sector Top 5,Sector Top 5,3M,Nifty India Internet Index,5.0,,,https://chartink.com/stocks/TBOTEK.html,NSE_EQ|INE673O01025,1725.1,68.78,67.59,1.19,2026-08-25 23:00,64.68,55.76,8.92,YES,NO,1704.5,1708.1,NO,NO,,,,,,,,,,15m logic removed,HOURLY,NORMAL,,,WATCH,👀 WATCH,Weekly RSI 68.78 > 50; Hourly RSI 64.68; 15m confirmation checked only while monitored
2026-08-25 23:45:02,HFCL,YTD Top 50,YTD Top 50,YTD,niftymidsmallitandtelecom,1.0,,,https://chartink.com/stocks/HFCL.html,NSE_EQ|INE548A01028,238.01,79.09,77.32,1.77,2026-08-25 23:00,65.13,69.16,-4.03,NO,YES,239.41,238.45,NO,NO,,,,,,,,,,15m logic removed,HOURLY,NORMAL,,,WATCH,👀 WATCH,Weekly RSI 79.09 > 50; Hourly RSI 65.13; 15m confirmation checked only while monitored
2026-08-25 23:44:55,COFORGE,Sector Top 5,Sector Top 5,1M,niftyindiadigital,2.0,,,https://chartink.com/stocks/COFORGE.html,NSE_EQ|INE591G01025,1892.8,70.4,70.36,0.04,2026-08-25 23:00,65.54,56.92,8.62,YES,NO,1873.0,1877.0,NO,NO,,,,,,,,,,15m logic removed,HOURLY,NORMAL,,,WATCH,👀 WATCH,Weekly RSI 70.40 > 50; Hourly RSI 65.54; 15m confirmation checked only while monitored
2026-08-25 23:45:06,IFCI,YTD Top 50,YTD Top 50,YTD,nifty500,30.0,,,https://chartink.com/stocks/IFCI.html,NSE_EQ|INE039A01010,83.25,63.61,61.85,1.76,2026-08-25 23:00,68.01,63.7,4.3,YES,NO,82.6,82.65,NO,NO,,,,,,,,,,15m logic removed,HOURLY,NORMAL,,,WATCH,👀 WATCH,Weekly RSI 63.61 > 50; Hourly RSI 68.01; 15m confirmation checked only while monitored
2026-08-25 23:45:31,WELCORP,Favorite | Sector Top 5 | YTD Top 50,Favorite | Sector Top 5 | YTD Top 50,1M | Weekly | YTD,nifty500 | niftymetal,1.0 | 2.0,Strong Momentum,,https://chartink.com/stocks/WELCORP.html,NSE_EQ|INE191B01025,2345.5,93.15,92.94,0.22,2026-08-25 23:00,68.09,80.47,-12.38,NO,NO,2401.9,2422.0,NO,NO,,,,,,,,,,15m logic removed,HOURLY,NORMAL,,,WATCH,👀 WATCH,Weekly RSI 93.15 > 50; Hourly RSI 68.09; 15m confirmation checked only while monitored
2026-08-25 23:44:58,ETERNAL,Sector Top 5,Sector Top 5,1M,niftyindiadigital,4.0,,,https://chartink.com/stocks/ETERNAL.html,NSE_EQ|INE758T01015,331.0,68.84,68.16,0.68,2026-08-25 23:00,68.1,56.79,11.3,YES,NO,327.15,329.5,NO,NO,,,,,,,,,,15m logic removed,HOURLY,NORMAL,,,WATCH,👀 WATCH,Weekly RSI 68.84 > 50; Hourly RSI 68.10; 15m confirmation checked only while monitored
2026-08-25 23:44:42,ABB,YTD Top 50,YTD Top 50,YTD,niftynext50,37.0,,,https://chartink.com/stocks/ABB.html,NSE_EQ|INE117A01022,7627.0,61.64,59.14,2.5,2026-08-25 23:00,68.44,52.25,16.19,YES,NO,7504.0,7531.0,NO,NO,,,,,,,,,,15m logic removed,HOURLY,NORMAL,,,WATCH,👀 WATCH,Weekly RSI 61.64 > 50; Hourly RSI 68.44; 15m confirmation checked only while monitored
2026-08-25 23:44:44,ADANIENSOL,YTD Top 50,YTD Top 50,YTD,nifty200,31.0,,,https://chartink.com/stocks/ADANIENSOL.html,NSE_EQ|INE931S01010,1594.5,62.39,59.53,2.85,2026-08-25 23:00,68.56,49.74,18.82,YES,NO,1555.1,1560.9,NO,NO,,,,,,,,,,15m logic removed,HOURLY,NORMAL,,,WATCH,👀 WATCH,Weekly RSI 62.39 > 50; Hourly RSI 68.56; 15m confirmation checked only while monitored
2026-08-25 23:45:09,JYOTICNC,Favorite,Favorite,,nifty500,,Trend Breakout,,https://chartink.com/stocks/JYOTICNC.html,NSE_EQ|INE980O01024,989.95,67.68,67.61,0.07,2026-08-25 23:00,70.09,65.98,4.11,YES,NO,980.0,985.3,NO,NO,,,,,,,,,,15m logic removed,HOURLY,NORMAL,,,WATCH,👀 WATCH,Weekly RSI 67.68 > 50; Hourly RSI 70.09; 15m confirmation checked only while monitored
2026-08-25 23:44:56,CYIENTDLM,Sector Top 5 | YTD Top 50,Sector Top 5 | YTD Top 50,3M | 6M | YTD,niftyindiadefence,1.0 | 2.0 | 9.0,,,https://chartink.com/stocks/CYIENTDLM.html,NSE_EQ|INE055S01018,769.35,87.48,85.44,2.04,2026-08-25 23:00,73.4,60.04,13.36,YES,YES,740.0,736.85,NO,NO,,,,,,,,,,15m logic removed,HOURLY,NORMAL,,,WATCH,👀 WATCH,Weekly RSI 87.48 > 50; Hourly RSI 73.40; 15m confirmation checked only while monitored
2026-08-25 23:45:10,LAURUSLABS,Sector Top 5 | YTD Top 50,Sector Top 5 | YTD Top 50,6M | YTD,niftymidsmallhealthcare | nifty500healthcare,1.0 | 17.0,,,https://chartink.com/stocks/LAURUSLABS.html,NSE_EQ|INE947Q01028,1866.2,81.85,80.05,1.8,2026-08-25 23:00,73.95,45.77,28.18,YES,NO,1801.0,1807.9,NO,NO,,,,,,,,,,15m logic removed,HOURLY,NORMAL,,,WATCH,👀 WATCH,Weekly RSI 81.85 > 50; Hourly RSI 73.95; 15m confirmation checked only while monitored
2026-08-25 23:44:53,CARTRADE,Sector Top 5,Sector Top 5,3M | Weekly,Nifty India Internet Index,1.0 | 2.0,,,https://chartink.com/stocks/CARTRADE.html,NSE_EQ|INE290S01011,3144.8,71.54,70.27,1.27,2026-08-25 23:00,74.16,74.77,-0.61,NO,NO,3147.1,3149.0,NO,NO,,,,,,,,,,15m logic removed,HOURLY,NORMAL,,,WATCH,👀 WATCH,Weekly RSI 71.54 > 50; Hourly RSI 74.16; 15m confirmation checked only while monitored
2026-08-25 23:45:01,GODREJAGRO,Favorite,Favorite,,nifty500,,Volume Shocker,,https://chartink.com/stocks/GODREJAGRO.html,NSE_EQ|INE850D01014,610.1,56.59,48.64,7.95,2026-08-25 23:00,74.62,42.64,31.99,YES,NO,571.0,576.3,NO,NO,,,,,,,,,,15m logic removed,HOURLY,NORMAL,,,WATCH,👀 WATCH,Weekly RSI 56.59 > 50; Hourly RSI 74.62; 15m confirmation checked only while monitored
2026-08-25 23:44:44,ADANIENT,Sector Top 5,Sector Top 5,Weekly,niftymetal,4.0,,,https://chartink.com/stocks/ADANIENT.html,NSE_EQ|INE423A01024,3110.0,65.95,62.13,3.82,2026-08-25 23:00,76.34,52.15,24.19,YES,YES,2998.6,2988.9,NO,NO,,,,,,,,,,15m logic removed,HOURLY,NORMAL,,,WATCH,👀 WATCH,Weekly RSI 65.95 > 50; Hourly RSI 76.34; 15m confirmation checked only while monitored
2026-08-25 23:45:12,MCX,YTD Top 50,YTD Top 50,YTD,niftyfinancialservicesexbank,38.0,,,https://chartink.com/stocks/MCX.html,NSE_EQ|INE745G01043,3280.0,68.55,66.47,2.09,2026-08-25 23:00,76.93,75.63,1.3,YES,NO,3268.0,3269.5,NO,NO,,,,,,,,,,15m logic removed,HOURLY,NORMAL,,,WATCH,👀 WATCH,Weekly RSI 68.55 > 50; Hourly RSI 76.93; 15m confirmation checked only while monitored
2026-08-25 23:45:08,JINDALSTEL,Sector Top 5,Sector Top 5,Weekly,niftymetal,5.0,,,https://chartink.com/stocks/JINDALSTEL.html,NSE_EQ|INE749A01030,1154.1,54.65,51.38,3.26,2026-08-25 23:00,77.37,74.65,2.72,YES,YES,1149.0,1145.9,NO,NO,,,,,,,,,,15m logic removed,HOURLY,NORMAL,,,WATCH,👀 WATCH,Weekly RSI 54.65 > 50; Hourly RSI 77.37; 15m confirmation checked only while monitored
2026-08-25 23:45:21,SAIL,Sector Top 5,Sector Top 5,1M | Weekly,niftymetal,4.0 | 2.0,,,https://chartink.com/stocks/SAIL.html,NSE_EQ|INE114A01011,184.59,59.39,53.16,6.23,2026-08-25 23:00,78.32,68.02,10.31,YES,NO,179.65,180.05,NO,NO,,,,,,,,,,15m logic removed,HOURLY,NORMAL,,,WATCH,👀 WATCH,Weekly RSI 59.39 > 50; Hourly RSI 78.32; 15m confirmation checked only while monitored
2026-08-25 23:45:29,URBANCO,Favorite | Sector Top 5,Favorite | Sector Top 5,Weekly,Nifty India Internet Index,1.0,Volume Shocker,,https://chartink.com/stocks/URBANCO.html,NSE_EQ|INE0CAZ01013,169.28,71.36,66.74,4.62,2026-08-25 23:00,80.63,79.58,1.06,YES,NO,168.3,171.25,NO,NO,,,,,,,,,,15m logic removed,HOURLY,NORMAL,,,WATCH,👀 WATCH,Weekly RSI 71.36 > 50; Hourly RSI 80.63; 15m confirmation checked only while monitored
2026-08-25 23:45:18,PAYTM,Sector Top 5,Sector Top 5,1M | 3M | Weekly,niftyindiadigital | Nifty India Internet Index,1.0 | 2.0 | 3.0,,,https://chartink.com/stocks/PAYTM.html,NSE_EQ|INE982J01020,1718.0,77.02,74.43,2.58,2026-08-25 23:00,81.29,57.62,23.67,YES,YES,1623.5,1621.9,NO,NO,,,,,,,,,,15m logic removed,HOURLY,NORMAL,,,WATCH,👀 WATCH,Weekly RSI 77.02 > 50; Hourly RSI 81.29; 15m confirmation checked only while monitored
2026-08-25 23:44:59,FACT,Favorite,Favorite,,niftylargemidcap250,,Volume Shocker,,https://chartink.com/stocks/FACT.html,NSE_EQ|INE188A01015,876.1,53.78,39.84,13.94,2026-08-25 23:00,81.45,44.93,36.51,YES,NO,783.6,785.45,NO,NO,,,,,,,,,,15m logic removed,HOURLY,NORMAL,,,WATCH,👀 WATCH,Weekly RSI 53.78 > 50; Hourly RSI 81.45; 15m confirmation checked only while monitored
2026-08-25 23:45:05,IDEA,YTD Top 50,YTD Top 50,YTD,niftyindiadigital,46.0,,,https://chartink.com/stocks/IDEA.html,NSE_EQ|INE669E01016,15.19,67.05,60.73,6.32,2026-08-25 23:00,86.3,56.24,30.06,YES,NO,14.07,14.09,NO,NO,,,,,,,,,,15m logic removed,HOURLY,NORMAL,,,WATCH,👀 WATCH,Weekly RSI 67.05 > 50; Hourly RSI 86.30; 15m confirmation checked only while monitored
2026-08-25 23:45:55,SCHNEIDER,YTD Top 50,YTD Top 50,YTD,nifty500,29.0,,,https://chartink.com/stocks/SCHNEIDER.html,NSE_EQ|INE839M01018,1146.4,47.78,51.7,-3.92,2026-08-25 23:00,17.78,19.8,-2.02,NO,NO,1158.0,1163.6,YES,NO,1145.0,1148.9,2026-08-25 15:15,,,,,,,15m logic removed,15M MONITOR,MONITORING,,,IGNORE,❌ IGNORE,Weekly RSI 47.78 <= 50
2026-08-25 23:45:40,COHANCE,Sector Top 5,Sector Top 5,6M,niftymidsmallhealthcare,5.0,,,https://chartink.com/stocks/COHANCE.html,NSE_EQ|INE03QK01018,445.4,49.32,52.49,-3.17,2026-08-25 23:00,38.56,43.42,-4.86,NO,NO,450.5,451.35,NO,NO,445.0,447.15,2026-08-25 15:15,,,,,,,15m logic removed,15M MONITOR,MONITORING,,,IGNORE,❌ IGNORE,Weekly RSI 49.32 <= 50
