Symbol,Tag,Monitoring Status,Monitoring Started,Last Hourly RSI,Last Hourly Check,Last 15m Check
ZENTEC,Sector Top 5,MONITORING,2026-08-25 23:44:37,34.04,2026-08-27 19:56:57,2026-08-26 19:56:48
AFFLE,Sector Top 5,MONITORING,2026-08-26 12:32:07,49.86,2026-08-26 12:32:07,2026-08-26 19:56:48
HINDALCO,Sector Top 5,MONITORING,2026-08-26 12:32:07,49.77,2026-08-26 12:32:07,2026-08-26 19:56:48
THOMASCOOK,Sector Top 5,MONITORING,2026-08-27 19:56:57,49.04,2026-08-27 19:56:57,
ADANIENSOL,YTD Top 50,MONITORING,2026-08-28 15:08:55,18.67,2026-09-01 01:46:12,
AARTIIND,YTD Top 50,MONITORING,2026-08-31 11:46:35,36.95,2026-09-01 01:46:12,
LTM,Sector Top 5,MONITORING,2026-08-31 11:46:35,46.63,2026-09-01 01:46:12,
PERSISTENT,Sector Top 5,MONITORING,2026-08-31 11:46:35,39.09,2026-09-19 00:22:48,
POWERINDIA,YTD Top 50,MONITORING,2026-09-01 10:23:54,38.58,2026-09-08 01:18:39,
MOTHERSON,YTD Top 50,MONITORING,2026-09-01 15:15:28,47.9,2026-09-01 23:28:08,
RRKABEL,YTD Top 50,MONITORING,2026-09-01 15:15:28,23.78,2026-09-08 01:18:39,
TATATECH,Sector Top 5,MONITORING,2026-09-01 15:15:28,40.81,2026-09-10 00:16:25,
RKFORGE,YTD Top 50,MONITORING,2026-09-02 11:19:36,39.09,2026-09-02 23:36:38,
APLLTD,Sector Top 5,MONITORING,2026-09-02 16:10:34,46.82,2026-09-02 23:36:38,
TCS,Sector Top 5,MONITORING,2026-09-03 16:43:58,39.05,2026-09-04 23:18:57,
AKUMS,YTD Top 50,MONITORING,2026-09-04 11:24:20,36.57,2026-09-08 01:18:39,
MPHASIS,Sector Top 5,MONITORING,2026-09-04 11:24:20,41.68,2026-09-19 00:22:48,
ADANIPOWER,YTD Top 50,MONITORING,2026-09-04 16:07:47,37.37,2026-09-08 01:18:39,
COHANCE,Sector Top 5,MONITORING,2026-09-04 16:07:47,46.36,2026-09-04 23:18:57,
FINCABLES,YTD Top 50,MONITORING,2026-09-04 16:07:47,43.56,2026-09-08 01:18:39,
GODREJPROP,Sector Top 5,MONITORING,2026-09-04 16:07:47,34.47,2026-09-08 01:18:39,
HONASA,YTD Top 50,MONITORING,2026-09-04 16:07:47,39.6,2026-09-08 01:18:39,
NETWEB,YTD Top 50,MONITORING,2026-09-04 16:07:47,42.15,2026-09-08 01:18:39,
SONACOMS,YTD Top 50,MONITORING,2026-09-04 16:07:47,43.48,2026-09-08 01:18:39,
BHEL,YTD Top 50,MONITORING,2026-09-07 10:32:29,35.89,2026-09-08 01:18:39,
J&KBANK,YTD Top 50,MONITORING,2026-09-07 10:32:29,43.69,2026-09-08 01:18:39,
KIRLOSENG,YTD Top 50,MONITORING,2026-09-07 15:48:02,42.97,2026-09-08 01:18:39,
SCHNEIDER,YTD Top 50,MONITORING,2026-09-07 21:28:26,49.04,2026-09-08 01:18:39,
NTPC,Sector Top 5,MONITORING,2026-09-08 19:42:47,49.43,2026-09-08 23:26:21,
BRIGADE,Sector Top 5,MONITORING,2026-09-09 11:53:09,40.82,2026-09-10 00:16:25,
IXIGO,Sector Top 5,MONITORING,2026-09-10 11:51:33,36.07,2026-09-10 23:58:25,
TBOTEK,Sector Top 5,MONITORING,2026-09-10 11:51:33,40.97,2026-09-10 23:58:25,
HAL,Sector Top 5,MONITORING,2026-09-11 02:37:10,41.21,2026-09-12 00:02:37,
COCHINSHIP,Sector Top 5,MONITORING,2026-09-11 06:35:49,23.32,2026-09-12 00:02:37,
OIL,Sector Top 5,MONITORING,2026-09-11 11:29:48,42.51,2026-09-12 00:02:37,
SJVN,Sector Top 5,MONITORING,2026-09-11 11:29:48,45.82,2026-09-12 00:02:37,
COALINDIA,Sector Top 5,MONITORING,2026-09-11 16:37:03,48.69,2026-09-12 00:02:37,
ADANIENT,Sector Top 5,MONITORING,2026-09-15 10:53:32,31.29,2026-09-16 00:30:05,
AJANTPHARM,Sector Top 5,MONITORING,2026-09-15 10:53:32,46.07,2026-09-16 00:30:05,
MOTILALOFS,Sector Top 5,MONITORING,2026-09-15 10:53:32,30.33,2026-09-16 23:57:48,
SOLARINDS,Sector Top 5,MONITORING,2026-09-15 10:53:32,11.19,2026-09-16 00:30:05,
STYL,Sector Top 5,MONITORING,2026-09-15 10:53:32,30.39,2026-09-16 00:30:05,
TORNTPHARM,Sector Top 5,MONITORING,2026-09-15 10:53:32,34.2,2026-09-16 00:30:05,
BANDHANBNK,Sector Top 5,MONITORING,2026-09-16 03:36:27,44.62,2026-09-17 23:43:34,
RBLBANK,Sector Top 5,MONITORING,2026-09-16 03:36:27,43.04,2026-09-17 23:43:34,
FEDERALBNK,Sector Top 5,MONITORING,2026-09-16 15:27:18,26.12,2026-09-17 23:43:34,
GODREJCP,Sector Top 5,MONITORING,2026-09-16 15:27:18,46.54,2026-09-16 23:57:48,
AXISBANK,Sector Top 5,MONITORING,2026-09-16 20:12:43,47.51,2026-09-17 23:43:34,
GLAXO,Sector Top 5,MONITORING,2026-09-17 14:25:10,41.84,2026-09-17 23:43:34,
INFY,Sector Top 5,MONITORING,2026-09-18 02:55:49,42.66,2026-09-19 00:22:48,
HCLTECH,Sector Top 5,MONITORING,2026-09-18 12:10:55,49.94,2026-09-19 00:22:48,
TATACHEM,Favorite,MONITORING,2026-09-18 12:10:55,27.38,2026-09-28 20:27:53,
TECHM,Sector Top 5,MONITORING,2026-09-18 12:10:55,40.45,2026-09-19 00:22:48,
ALIVUS,Favorite,MONITORING,2026-09-22 11:43:18,29.42,2026-09-28 20:27:53,
ATHERENERG,Favorite,MONITORING,2026-09-22 11:43:18,27.84,2026-09-28 20:27:53,
BBTC,Favorite,MONITORING,2026-09-22 11:43:18,31.19,2026-09-28 20:27:53,
COLPAL,Sector Top 5,MONITORING,2026-09-22 17:14:25,49.17,2026-09-23 00:46:02,
NEULANDLAB,Sector Top 5,MONITORING,2026-09-22 17:14:25,43.45,2026-09-23 00:46:02,
PARAS,Favorite | Sector Top 5,MONITORING,2026-09-22 17:14:25,32.36,2026-09-28 20:27:53,
ALKEM,Sector Top 5,MONITORING,2026-09-23 00:46:02,48.95,2026-09-23 00:46:02,
AEGISLOG,Favorite,MONITORING,2026-09-23 11:00:08,28.78,2026-09-28 20:27:53,
BALKRISIND,Favorite,MONITORING,2026-09-23 11:00:08,37.73,2026-09-28 20:27:53,
BLUESTONE,Favorite,MONITORING,2026-09-23 11:00:08,33.94,2026-09-28 20:27:53,
PAYTM,Favorite,MONITORING,2026-09-23 11:00:08,18.4,2026-09-28 20:27:53,
PFOCUS,Sector Top 5,MONITORING,2026-09-23 11:00:08,42.61,2026-09-24 00:33:50,
ATGL,Favorite,MONITORING,2026-09-23 15:44:49,24.59,2026-09-28 20:27:53,
GLAND,Favorite | Sector Top 5,MONITORING,2026-09-23 15:44:49,48.1,2026-09-28 20:27:53,
PINELABS,Favorite,MONITORING,2026-09-23 15:44:49,23.75,2026-09-28 20:27:53,
AWFIS,Favorite,MONITORING,2026-09-24 10:58:54,28.95,2026-09-28 20:27:53,
FACT,Favorite,MONITORING,2026-09-24 10:58:54,31.81,2026-09-28 20:27:53,
HINDCOPPER,Sector Top 5,MONITORING,2026-09-24 10:58:54,36.18,2026-09-25 00:54:14,
JINDALSAW,Favorite,MONITORING,2026-09-24 10:58:54,34.24,2026-09-28 20:27:53,
MAXHEALTH,Sector Top 5,MONITORING,2026-09-24 10:58:54,41.64,2026-09-25 00:54:14,
NEWGEN,Favorite,MONITORING,2026-09-24 10:58:54,26.14,2026-09-28 20:27:53,
SHAREINDIA,Favorite,MONITORING,2026-09-24 10:58:54,36.48,2026-09-28 20:27:53,
SWANCORP,Favorite,MONITORING,2026-09-24 10:58:54,31.56,2026-09-28 20:27:53,
JYOTICNC,Favorite,MONITORING,2026-09-24 15:56:19,37.53,2026-09-28 20:27:53,
LLOYDSME,Sector Top 5,MONITORING,2026-09-24 15:56:19,37.58,2026-09-25 00:54:14,
STAR,Favorite,MONITORING,2026-09-24 15:56:19,24.38,2026-09-28 20:27:53,
URBANCO,Favorite,MONITORING,2026-09-24 15:56:19,20.56,2026-09-28 20:27:53,
SAILIFE,Sector Top 5,MONITORING,2026-09-25 04:08:59,40.29,2026-09-28 20:27:53,
UNIMECH,Sector Top 5,MONITORING,2026-09-25 06:21:35,32.68,2026-09-28 20:27:53,
GODREJAGRO,Favorite,MONITORING,2026-09-25 11:20:19,31.3,2026-09-28 20:27:53,
IPCALAB,Sector Top 5,MONITORING,2026-09-25 11:20:19,43.48,2026-09-26 01:20:18,
MEESHO,Favorite,MONITORING,2026-09-25 11:20:19,29.78,2026-09-28 20:27:53,
YATHARTH,Favorite,MONITORING,2026-09-25 11:20:19,37.42,2026-09-28 20:27:53,
ANANTRAJ,Sector Top 5,MONITORING,2026-09-25 16:42:17,49.06,2026-09-26 01:20:18,
HINDZINC,Sector Top 5,MONITORING,2026-09-25 16:42:17,29.37,2026-09-28 20:27:53,
BEML,Sector Top 5,MONITORING,2026-09-26 04:35:42,25.81,2026-09-28 20:27:53,
ASHOKA,Favorite,MONITORING,2026-09-28 12:23:38,38.76,2026-09-28 20:27:53,
ASTRAL,Favorite,MONITORING,2026-09-28 12:23:38,32.64,2026-09-28 20:27:53,
ASTRAMICRO,Sector Top 5,MONITORING,2026-09-28 12:23:38,39.24,2026-09-28 20:27:53,
AUROPHARMA,Sector Top 5,MONITORING,2026-09-28 12:23:38,40.93,2026-09-28 20:27:53,
CARTRADE,Favorite,MONITORING,2026-09-28 12:23:38,32.09,2026-09-28 20:27:53,
CUPID,Favorite,MONITORING,2026-09-28 12:23:38,44.06,2026-09-28 20:27:53,
CYIENTDLM,Sector Top 5,MONITORING,2026-09-28 12:23:38,44.19,2026-09-28 20:27:53,
DLF,Sector Top 5,MONITORING,2026-09-28 12:23:38,40.56,2026-09-28 20:27:53,
INOXINDIA,Favorite,MONITORING,2026-09-28 12:23:38,37.62,2026-09-28 20:27:53,
ITC,Sector Top 5,MONITORING,2026-09-28 12:23:38,38.69,2026-09-28 20:27:53,
JINDALSTEL,Sector Top 5,MONITORING,2026-09-28 12:23:38,41.45,2026-09-28 20:27:53,
JSL,Sector Top 5,MONITORING,2026-09-28 12:23:38,48.12,2026-09-28 20:27:53,
JSWINFRA,Favorite,MONITORING,2026-09-28 12:23:38,35.29,2026-09-28 20:27:53,
MAHABANK,Favorite,MONITORING,2026-09-28 12:23:38,34.44,2026-09-28 20:27:53,
MASTEK,Favorite,MONITORING,2026-09-28 12:23:38,44.46,2026-09-28 20:27:53,
PATANJALI,Sector Top 5,MONITORING,2026-09-28 12:23:38,35.14,2026-09-28 20:27:53,
PCJEWELLER,Favorite,MONITORING,2026-09-28 12:23:38,37.84,2026-09-28 20:27:53,
PHOENIXLTD,Sector Top 5,MONITORING,2026-09-28 12:23:38,45.05,2026-09-28 20:27:53,
PPLPHARMA,Sector Top 5,MONITORING,2026-09-28 12:23:38,38.53,2026-09-28 20:27:53,
PRESTIGE,Sector Top 5,MONITORING,2026-09-28 12:23:38,47.89,2026-09-28 20:27:53,
SKFINDUS,Favorite,MONITORING,2026-09-28 12:23:38,47.1,2026-09-28 20:27:53,
TEGA,Favorite,MONITORING,2026-09-28 12:23:38,40.39,2026-09-28 20:27:53,
UNITDSPR,Sector Top 5,MONITORING,2026-09-28 12:23:38,45.76,2026-09-28 20:27:53,
VBL,Sector Top 5,MONITORING,2026-09-28 12:23:38,47.24,2026-09-28 20:27:53,
WELCORP,Favorite | Sector Top 5,MONITORING,2026-09-28 12:23:38,46.28,2026-09-28 20:27:53,
WOCKPHARMA,Sector Top 5,MONITORING,2026-09-28 12:23:38,37.17,2026-09-28 20:27:53,
OBEROIRLTY,Sector Top 5,MONITORING,2026-09-28 20:27:53,45.03,2026-09-28 20:27:53,
SIGNATURE,Sector Top 5,MONITORING,2026-09-28 20:27:53,45.56,2026-09-28 20:27:53,
