Sector,Company Name,Industry,Symbol,Series,ISIN Code,Status
nifty200,NHPC Ltd.,Power,NHPC,EQ,INE848E01016,NO_DATA
nifty200,Hindustan Petroleum Corporation Ltd.,Oil Gas & Consumable Fuels,HINDPETRO,EQ,INE094A01015,NO_DATA
nifty200,CG Power and Industrial Solutions Ltd.,Capital Goods,CGPOWER,EQ,INE067A01029,"Upstox API error 400: {""status"":""error"",""errors"":[{""errorCode"":""UDAPI100500"",""message"":""Something went wrong... please contact us"",""propertyPath"":null,""invalidValue"":null,""error_code"":""UDAPI100500"",""property_path"":null,""invalid_value"":null}]}"
nifty200,Biocon Ltd.,Healthcare,BIOCON,EQ,INE376G01013,"Upstox API error 400: {""status"":""error"",""errors"":[{""errorCode"":""UDAPI100500"",""message"":""Something went wrong... please contact us"",""propertyPath"":null,""invalidValue"":null,""error_code"":""UDAPI100500"",""property_path"":null,""invalid_value"":null}]}"
nifty200,Bajaj Holdings & Investment Ltd.,Financial Services,BAJAJHLDNG,EQ,INE118A01012,"Upstox API error 400: {""status"":""error"",""errors"":[{""errorCode"":""UDAPI100500"",""message"":""Something went wrong... please contact us"",""propertyPath"":null,""invalidValue"":null,""error_code"":""UDAPI100500"",""property_path"":null,""invalid_value"":null}]}"
nifty200,JSW Energy Ltd.,Power,JSWENERGY,EQ,INE121E01018,"Upstox API error 400: {""status"":""error"",""errors"":[{""errorCode"":""UDAPI100500"",""message"":""Something went wrong... please contact us"",""propertyPath"":null,""invalidValue"":null,""error_code"":""UDAPI100500"",""property_path"":null,""invalid_value"":null}]}"
nifty200,LIC Housing Finance Ltd.,Financial Services,LICHSGFIN,EQ,INE115A01026,"Upstox API error 400: {""status"":""error"",""errors"":[{""errorCode"":""UDAPI100500"",""message"":""Something went wrong... please contact us"",""propertyPath"":null,""invalidValue"":null,""error_code"":""UDAPI100500"",""property_path"":null,""invalid_value"":null}]}"
nifty200,ACC Ltd.,Construction Materials,ACC,EQ,INE012A01025,"Upstox API error 400: {""status"":""error"",""errors"":[{""errorCode"":""UDAPI100500"",""message"":""Something went wrong... please contact us"",""propertyPath"":null,""invalidValue"":null,""error_code"":""UDAPI100500"",""property_path"":null,""invalid_value"":null}]}"
nifty200,Oberoi Realty Ltd.,Realty,OBEROIRLTY,EQ,INE093I01010,"Upstox API error 400: {""status"":""error"",""errors"":[{""errorCode"":""UDAPI100500"",""message"":""Something went wrong... please contact us"",""propertyPath"":null,""invalidValue"":null,""error_code"":""UDAPI100500"",""property_path"":null,""invalid_value"":null}]}"
nifty200,Jubilant Foodworks Ltd.,Consumer Services,JUBLFOOD,EQ,INE797F01020,"Upstox API error 400: {""status"":""error"",""errors"":[{""errorCode"":""UDAPI100500"",""message"":""Something went wrong... please contact us"",""propertyPath"":null,""invalidValue"":null,""error_code"":""UDAPI100500"",""property_path"":null,""invalid_value"":null}]}"
nifty200,Wipro Ltd.,Information Technology,WIPRO,EQ,INE075A01022,"Upstox API error 400: {""status"":""error"",""errors"":[{""errorCode"":""UDAPI100500"",""message"":""Something went wrong... please contact us"",""propertyPath"":null,""invalidValue"":null,""error_code"":""UDAPI100500"",""property_path"":null,""invalid_value"":null}]}"
nifty200,Lodha Developers Ltd.,Realty,LODHA,EQ,INE670K01029,"Upstox API error 400: {""status"":""error"",""errors"":[{""errorCode"":""UDAPI100500"",""message"":""Something went wrong... please contact us"",""propertyPath"":null,""invalidValue"":null,""error_code"":""UDAPI100500"",""property_path"":null,""invalid_value"":null}]}"
nifty200,Exide Industries Ltd.,Automobile and Auto Components,EXIDEIND,EQ,INE302A01020,"Upstox API error 400: {""status"":""error"",""errors"":[{""errorCode"":""UDAPI100500"",""message"":""Something went wrong... please contact us"",""propertyPath"":null,""invalidValue"":null,""error_code"":""UDAPI100500"",""property_path"":null,""invalid_value"":null}]}"
nifty200,Tata Consultancy Services Ltd.,Information Technology,TCS,EQ,INE467B01029,"Upstox API error 400: {""status"":""error"",""errors"":[{""errorCode"":""UDAPI100500"",""message"":""Something went wrong... please contact us"",""propertyPath"":null,""invalidValue"":null,""error_code"":""UDAPI100500"",""property_path"":null,""invalid_value"":null}]}"
nifty200,Cipla Ltd.,Healthcare,CIPLA,EQ,INE059A01026,"Upstox API error 400: {""status"":""error"",""errors"":[{""errorCode"":""UDAPI100500"",""message"":""Something went wrong... please contact us"",""propertyPath"":null,""invalidValue"":null,""error_code"":""UDAPI100500"",""property_path"":null,""invalid_value"":null}]}"
nifty200,Indian Railway Catering And Tourism Corporation Ltd.,Consumer Services,IRCTC,EQ,INE335Y01020,"Upstox API error 400: {""status"":""error"",""errors"":[{""errorCode"":""UDAPI100500"",""message"":""Something went wrong... please contact us"",""propertyPath"":null,""invalidValue"":null,""error_code"":""UDAPI100500"",""property_path"":null,""invalid_value"":null}]}"
nifty200,Info Edge (India) Ltd.,Consumer Services,NAUKRI,EQ,INE663F01032,"Upstox API error 400: {""status"":""error"",""errors"":[{""errorCode"":""UDAPI100500"",""message"":""Something went wrong... please contact us"",""propertyPath"":null,""invalidValue"":null,""error_code"":""UDAPI100500"",""property_path"":null,""invalid_value"":null}]}"
nifty50,Wipro Ltd.,Information Technology,WIPRO,EQ,INE075A01022,"Upstox API error 400: {""status"":""error"",""errors"":[{""errorCode"":""UDAPI100500"",""message"":""Something went wrong... please contact us"",""propertyPath"":null,""invalidValue"":null,""error_code"":""UDAPI100500"",""property_path"":null,""invalid_value"":null}]}"
nifty50,Tata Consultancy Services Ltd.,Information Technology,TCS,EQ,INE467B01029,"Upstox API error 400: {""status"":""error"",""errors"":[{""errorCode"":""UDAPI100500"",""message"":""Something went wrong... please contact us"",""propertyPath"":null,""invalidValue"":null,""error_code"":""UDAPI100500"",""property_path"":null,""invalid_value"":null}]}"
nifty50,Cipla Ltd.,Healthcare,CIPLA,EQ,INE059A01026,"Upstox API error 400: {""status"":""error"",""errors"":[{""errorCode"":""UDAPI100500"",""message"":""Something went wrong... please contact us"",""propertyPath"":null,""invalidValue"":null,""error_code"":""UDAPI100500"",""property_path"":null,""invalid_value"":null}]}"
nifty500healthcare,J.B. Chemicals & Pharmaceuticals Ltd.,Healthcare,JBCHEPHARM,EQ,INE572A01036,MAPPING_NOT_FOUND
nifty500healthcare,Biocon Ltd.,Healthcare,BIOCON,EQ,INE376G01013,"Upstox API error 400: {""status"":""error"",""errors"":[{""errorCode"":""UDAPI100500"",""message"":""Something went wrong... please contact us"",""propertyPath"":null,""invalidValue"":null,""error_code"":""UDAPI100500"",""property_path"":null,""invalid_value"":null}]}"
nifty500healthcare,Cipla Ltd.,Healthcare,CIPLA,EQ,INE059A01026,"Upstox API error 400: {""status"":""error"",""errors"":[{""errorCode"":""UDAPI100500"",""message"":""Something went wrong... please contact us"",""propertyPath"":null,""invalidValue"":null,""error_code"":""UDAPI100500"",""property_path"":null,""invalid_value"":null}]}"
niftyauto,Exide Industries Ltd.,Automobile and Auto Components,EXIDEIND,EQ,INE302A01020,"Upstox API error 400: {""status"":""error"",""errors"":[{""errorCode"":""UDAPI100500"",""message"":""Something went wrong... please contact us"",""propertyPath"":null,""invalidValue"":null,""error_code"":""UDAPI100500"",""property_path"":null,""invalid_value"":null}]}"
niftycpse,NHPC Ltd.,Power,NHPC,EQ,INE848E01016,NO_DATA
niftyenergy,Gujarat State Petronet Ltd.,Oil Gas & Consumable Fuels,GSPL,EQ,INE246F01010,MAPPING_NOT_FOUND
niftyenergy,NHPC Ltd.,Power,NHPC,EQ,INE848E01016,NO_DATA
niftyenergy,Hindustan Petroleum Corporation Ltd.,Oil Gas & Consumable Fuels,HINDPETRO,EQ,INE094A01015,NO_DATA
niftyenergy,CG Power and Industrial Solutions Ltd.,Capital Goods,CGPOWER,EQ,INE067A01029,"Upstox API error 400: {""status"":""error"",""errors"":[{""errorCode"":""UDAPI100500"",""message"":""Something went wrong... please contact us"",""propertyPath"":null,""invalidValue"":null,""error_code"":""UDAPI100500"",""property_path"":null,""invalid_value"":null}]}"
niftyenergy,JSW Energy Ltd.,Power,JSWENERGY,EQ,INE121E01018,"Upstox API error 400: {""status"":""error"",""errors"":[{""errorCode"":""UDAPI100500"",""message"":""Something went wrong... please contact us"",""propertyPath"":null,""invalidValue"":null,""error_code"":""UDAPI100500"",""property_path"":null,""invalid_value"":null}]}"
niftyevnewageautomotive,CG Power and Industrial Solutions Ltd.,Capital Goods,CGPOWER,EQ,INE067A01029,"Upstox API error 400: {""status"":""error"",""errors"":[{""errorCode"":""UDAPI100500"",""message"":""Something went wrong... please contact us"",""propertyPath"":null,""invalidValue"":null,""error_code"":""UDAPI100500"",""property_path"":null,""invalid_value"":null}]}"
niftyevnewageautomotive,Exide Industries Ltd.,Automobile and Auto Components,EXIDEIND,EQ,INE302A01020,"Upstox API error 400: {""status"":""error"",""errors"":[{""errorCode"":""UDAPI100500"",""message"":""Something went wrong... please contact us"",""propertyPath"":null,""invalidValue"":null,""error_code"":""UDAPI100500"",""property_path"":null,""invalid_value"":null}]}"
niftyfinance,LIC Housing Finance Ltd.,Financial Services,LICHSGFIN,EQ,INE115A01026,"Upstox API error 400: {""status"":""error"",""errors"":[{""errorCode"":""UDAPI100500"",""message"":""Something went wrong... please contact us"",""propertyPath"":null,""invalidValue"":null,""error_code"":""UDAPI100500"",""property_path"":null,""invalid_value"":null}]}"
niftyfinancialservices25-50,LIC Housing Finance Ltd.,Financial Services,LICHSGFIN,EQ,INE115A01026,"Upstox API error 400: {""status"":""error"",""errors"":[{""errorCode"":""UDAPI100500"",""message"":""Something went wrong... please contact us"",""propertyPath"":null,""invalidValue"":null,""error_code"":""UDAPI100500"",""property_path"":null,""invalid_value"":null}]}"
niftyfinancialservicesexbank,Angel One Ltd.,Financial Services,ANGELONE,EQ,INE732I01013,MAPPING_NOT_FOUND
niftyfinancialservicesexbank,LIC Housing Finance Ltd.,Financial Services,LICHSGFIN,EQ,INE115A01026,"Upstox API error 400: {""status"":""error"",""errors"":[{""errorCode"":""UDAPI100500"",""message"":""Something went wrong... please contact us"",""propertyPath"":null,""invalidValue"":null,""error_code"":""UDAPI100500"",""property_path"":null,""invalid_value"":null}]}"
niftyhealthcare,Biocon Ltd.,Healthcare,BIOCON,EQ,INE376G01013,"Upstox API error 400: {""status"":""error"",""errors"":[{""errorCode"":""UDAPI100500"",""message"":""Something went wrong... please contact us"",""propertyPath"":null,""invalidValue"":null,""error_code"":""UDAPI100500"",""property_path"":null,""invalid_value"":null}]}"
niftyhealthcare,Cipla Ltd.,Healthcare,CIPLA,EQ,INE059A01026,"Upstox API error 400: {""status"":""error"",""errors"":[{""errorCode"":""UDAPI100500"",""message"":""Something went wrong... please contact us"",""propertyPath"":null,""invalidValue"":null,""error_code"":""UDAPI100500"",""property_path"":null,""invalid_value"":null}]}"
niftyhousing,Tata Steel Ltd.,METALS,TATASTEEL,EQ,INE081A01012,MAPPING_NOT_FOUND
niftyhousing,Kotak Mahindra Bank Ltd.,FINANCIAL SERVICES,KOTAKBANK,EQ,INE237A01028,MAPPING_NOT_FOUND
niftyhousing,Housing Development Finance Corporation Ltd.,FINANCIAL SERVICES,HDFC,EQ,INE001A01036,MAPPING_NOT_FOUND
niftyhousing,LIC Housing Finance Ltd.,FINANCIAL SERVICES,LICHSGFIN,EQ,INE115A01026,"Upstox API error 400: {""status"":""error"",""errors"":[{""errorCode"":""UDAPI100500"",""message"":""Something went wrong... please contact us"",""propertyPath"":null,""invalidValue"":null,""error_code"":""UDAPI100500"",""property_path"":null,""invalid_value"":null}]}"
niftyhousing,ACC Ltd.,CEMENT & CEMENT PRODUCTS,ACC,EQ,INE012A01025,"Upstox API error 400: {""status"":""error"",""errors"":[{""errorCode"":""UDAPI100500"",""message"":""Something went wrong... please contact us"",""propertyPath"":null,""invalidValue"":null,""error_code"":""UDAPI100500"",""property_path"":null,""invalid_value"":null}]}"
niftyhousing,Oberoi Realty Ltd.,CONSTRUCTION,OBEROIRLTY,EQ,INE093I01010,"Upstox API error 400: {""status"":""error"",""errors"":[{""errorCode"":""UDAPI100500"",""message"":""Something went wrong... please contact us"",""propertyPath"":null,""invalidValue"":null,""error_code"":""UDAPI100500"",""property_path"":null,""invalid_value"":null}]}"
niftyindiadigital,Wipro Ltd.,Information Technology,WIPRO,EQ,INE075A01022,"Upstox API error 400: {""status"":""error"",""errors"":[{""errorCode"":""UDAPI100500"",""message"":""Something went wrong... please contact us"",""propertyPath"":null,""invalidValue"":null,""error_code"":""UDAPI100500"",""property_path"":null,""invalid_value"":null}]}"
niftyindiadigital,Tata Consultancy Services Ltd.,Information Technology,TCS,EQ,INE467B01029,"Upstox API error 400: {""status"":""error"",""errors"":[{""errorCode"":""UDAPI100500"",""message"":""Something went wrong... please contact us"",""propertyPath"":null,""invalidValue"":null,""error_code"":""UDAPI100500"",""property_path"":null,""invalid_value"":null}]}"
niftyindiadigital,Indian Railway Catering And Tourism Corporation Ltd.,Consumer Services,IRCTC,EQ,INE335Y01020,"Upstox API error 400: {""status"":""error"",""errors"":[{""errorCode"":""UDAPI100500"",""message"":""Something went wrong... please contact us"",""propertyPath"":null,""invalidValue"":null,""error_code"":""UDAPI100500"",""property_path"":null,""invalid_value"":null}]}"
niftyindiadigital,Info Edge (India) Ltd.,Consumer Services,NAUKRI,EQ,INE663F01032,"Upstox API error 400: {""status"":""error"",""errors"":[{""errorCode"":""UDAPI100500"",""message"":""Something went wrong... please contact us"",""propertyPath"":null,""invalidValue"":null,""error_code"":""UDAPI100500"",""property_path"":null,""invalid_value"":null}]}"
niftyindiarailwayspsu,Hindustan Petroleum Corporation Ltd.,Oil Gas & Consumable Fuels,HINDPETRO,EQ,INE094A01015,NO_DATA
niftyindiarailwayspsu,Indian Railway Catering And Tourism Corporation Ltd.,Consumer Services,IRCTC,EQ,INE335Y01020,"Upstox API error 400: {""status"":""error"",""errors"":[{""errorCode"":""UDAPI100500"",""message"":""Something went wrong... please contact us"",""propertyPath"":null,""invalidValue"":null,""error_code"":""UDAPI100500"",""property_path"":null,""invalid_value"":null}]}"
niftyinfra,Hindustan Petroleum Corporation Ltd.,Oil Gas & Consumable Fuels,HINDPETRO,EQ,INE094A01015,NO_DATA
niftyinfra,CG Power and Industrial Solutions Ltd.,Capital Goods,CGPOWER,EQ,INE067A01029,"Upstox API error 400: {""status"":""error"",""errors"":[{""errorCode"":""UDAPI100500"",""message"":""Something went wrong... please contact us"",""propertyPath"":null,""invalidValue"":null,""error_code"":""UDAPI100500"",""property_path"":null,""invalid_value"":null}]}"
niftyit,Wipro Ltd.,Information Technology,WIPRO,EQ,INE075A01022,"Upstox API error 400: {""status"":""error"",""errors"":[{""errorCode"":""UDAPI100500"",""message"":""Something went wrong... please contact us"",""propertyPath"":null,""invalidValue"":null,""error_code"":""UDAPI100500"",""property_path"":null,""invalid_value"":null}]}"
niftyit,Tata Consultancy Services Ltd.,Information Technology,TCS,EQ,INE467B01029,"Upstox API error 400: {""status"":""error"",""errors"":[{""errorCode"":""UDAPI100500"",""message"":""Something went wrong... please contact us"",""propertyPath"":null,""invalidValue"":null,""error_code"":""UDAPI100500"",""property_path"":null,""invalid_value"":null}]}"
niftylargemidcap250,NHPC Ltd.,Power,NHPC,EQ,INE848E01016,NO_DATA
niftylargemidcap250,Hindustan Petroleum Corporation Ltd.,Oil Gas & Consumable Fuels,HINDPETRO,EQ,INE094A01015,NO_DATA
niftylargemidcap250,CG Power and Industrial Solutions Ltd.,Capital Goods,CGPOWER,EQ,INE067A01029,"Upstox API error 400: {""status"":""error"",""errors"":[{""errorCode"":""UDAPI100500"",""message"":""Something went wrong... please contact us"",""propertyPath"":null,""invalidValue"":null,""error_code"":""UDAPI100500"",""property_path"":null,""invalid_value"":null}]}"
niftylargemidcap250,Biocon Ltd.,Healthcare,BIOCON,EQ,INE376G01013,"Upstox API error 400: {""status"":""error"",""errors"":[{""errorCode"":""UDAPI100500"",""message"":""Something went wrong... please contact us"",""propertyPath"":null,""invalidValue"":null,""error_code"":""UDAPI100500"",""property_path"":null,""invalid_value"":null}]}"
niftylargemidcap250,Bajaj Holdings & Investment Ltd.,Financial Services,BAJAJHLDNG,EQ,INE118A01012,"Upstox API error 400: {""status"":""error"",""errors"":[{""errorCode"":""UDAPI100500"",""message"":""Something went wrong... please contact us"",""propertyPath"":null,""invalidValue"":null,""error_code"":""UDAPI100500"",""property_path"":null,""invalid_value"":null}]}"
niftylargemidcap250,JSW Energy Ltd.,Power,JSWENERGY,EQ,INE121E01018,"Upstox API error 400: {""status"":""error"",""errors"":[{""errorCode"":""UDAPI100500"",""message"":""Something went wrong... please contact us"",""propertyPath"":null,""invalidValue"":null,""error_code"":""UDAPI100500"",""property_path"":null,""invalid_value"":null}]}"
niftylargemidcap250,LIC Housing Finance Ltd.,Financial Services,LICHSGFIN,EQ,INE115A01026,"Upstox API error 400: {""status"":""error"",""errors"":[{""errorCode"":""UDAPI100500"",""message"":""Something went wrong... please contact us"",""propertyPath"":null,""invalidValue"":null,""error_code"":""UDAPI100500"",""property_path"":null,""invalid_value"":null}]}"
niftylargemidcap250,ACC Ltd.,Construction Materials,ACC,EQ,INE012A01025,"Upstox API error 400: {""status"":""error"",""errors"":[{""errorCode"":""UDAPI100500"",""message"":""Something went wrong... please contact us"",""propertyPath"":null,""invalidValue"":null,""error_code"":""UDAPI100500"",""property_path"":null,""invalid_value"":null}]}"
niftylargemidcap250,Oberoi Realty Ltd.,Realty,OBEROIRLTY,EQ,INE093I01010,"Upstox API error 400: {""status"":""error"",""errors"":[{""errorCode"":""UDAPI100500"",""message"":""Something went wrong... please contact us"",""propertyPath"":null,""invalidValue"":null,""error_code"":""UDAPI100500"",""property_path"":null,""invalid_value"":null}]}"
niftylargemidcap250,Jubilant Foodworks Ltd.,Consumer Services,JUBLFOOD,EQ,INE797F01020,"Upstox API error 400: {""status"":""error"",""errors"":[{""errorCode"":""UDAPI100500"",""message"":""Something went wrong... please contact us"",""propertyPath"":null,""invalidValue"":null,""error_code"":""UDAPI100500"",""property_path"":null,""invalid_value"":null}]}"
niftylargemidcap250,Wipro Ltd.,Information Technology,WIPRO,EQ,INE075A01022,"Upstox API error 400: {""status"":""error"",""errors"":[{""errorCode"":""UDAPI100500"",""message"":""Something went wrong... please contact us"",""propertyPath"":null,""invalidValue"":null,""error_code"":""UDAPI100500"",""property_path"":null,""invalid_value"":null}]}"
niftylargemidcap250,Lodha Developers Ltd.,Realty,LODHA,EQ,INE670K01029,"Upstox API error 400: {""status"":""error"",""errors"":[{""errorCode"":""UDAPI100500"",""message"":""Something went wrong... please contact us"",""propertyPath"":null,""invalidValue"":null,""error_code"":""UDAPI100500"",""property_path"":null,""invalid_value"":null}]}"
niftylargemidcap250,Exide Industries Ltd.,Automobile and Auto Components,EXIDEIND,EQ,INE302A01020,"Upstox API error 400: {""status"":""error"",""errors"":[{""errorCode"":""UDAPI100500"",""message"":""Something went wrong... please contact us"",""propertyPath"":null,""invalidValue"":null,""error_code"":""UDAPI100500"",""property_path"":null,""invalid_value"":null}]}"
niftylargemidcap250,Tata Consultancy Services Ltd.,Information Technology,TCS,EQ,INE467B01029,"Upstox API error 400: {""status"":""error"",""errors"":[{""errorCode"":""UDAPI100500"",""message"":""Something went wrong... please contact us"",""propertyPath"":null,""invalidValue"":null,""error_code"":""UDAPI100500"",""property_path"":null,""invalid_value"":null}]}"
niftylargemidcap250,Cipla Ltd.,Healthcare,CIPLA,EQ,INE059A01026,"Upstox API error 400: {""status"":""error"",""errors"":[{""errorCode"":""UDAPI100500"",""message"":""Something went wrong... please contact us"",""propertyPath"":null,""invalidValue"":null,""error_code"":""UDAPI100500"",""property_path"":null,""invalid_value"":null}]}"
niftylargemidcap250,Indian Railway Catering And Tourism Corporation Ltd.,Consumer Services,IRCTC,EQ,INE335Y01020,"Upstox API error 400: {""status"":""error"",""errors"":[{""errorCode"":""UDAPI100500"",""message"":""Something went wrong... please contact us"",""propertyPath"":null,""invalidValue"":null,""error_code"":""UDAPI100500"",""property_path"":null,""invalid_value"":null}]}"
niftylargemidcap250,Info Edge (India) Ltd.,Consumer Services,NAUKRI,EQ,INE663F01032,"Upstox API error 400: {""status"":""error"",""errors"":[{""errorCode"":""UDAPI100500"",""message"":""Something went wrong... please contact us"",""propertyPath"":null,""invalidValue"":null,""error_code"":""UDAPI100500"",""property_path"":null,""invalid_value"":null}]}"
niftymidsmallfinancailservice,Angel One Ltd.,Financial Services,ANGELONE,EQ,INE732I01013,MAPPING_NOT_FOUND
niftymidsmallfinancailservice,LIC Housing Finance Ltd.,Financial Services,LICHSGFIN,EQ,INE115A01026,"Upstox API error 400: {""status"":""error"",""errors"":[{""errorCode"":""UDAPI100500"",""message"":""Something went wrong... please contact us"",""propertyPath"":null,""invalidValue"":null,""error_code"":""UDAPI100500"",""property_path"":null,""invalid_value"":null}]}"
niftymidsmallhealthcare,J.B. Chemicals & Pharmaceuticals Ltd.,Healthcare,JBCHEPHARM,EQ,INE572A01036,MAPPING_NOT_FOUND
niftymidsmallhealthcare,Biocon Ltd.,Healthcare,BIOCON,EQ,INE376G01013,"Upstox API error 400: {""status"":""error"",""errors"":[{""errorCode"":""UDAPI100500"",""message"":""Something went wrong... please contact us"",""propertyPath"":null,""invalidValue"":null,""error_code"":""UDAPI100500"",""property_path"":null,""invalid_value"":null}]}"
niftynext50,CG Power and Industrial Solutions Ltd.,Capital Goods,CGPOWER,EQ,INE067A01029,"Upstox API error 400: {""status"":""error"",""errors"":[{""errorCode"":""UDAPI100500"",""message"":""Something went wrong... please contact us"",""propertyPath"":null,""invalidValue"":null,""error_code"":""UDAPI100500"",""property_path"":null,""invalid_value"":null}]}"
niftynext50,Bajaj Holdings & Investment Ltd.,Financial Services,BAJAJHLDNG,EQ,INE118A01012,"Upstox API error 400: {""status"":""error"",""errors"":[{""errorCode"":""UDAPI100500"",""message"":""Something went wrong... please contact us"",""propertyPath"":null,""invalidValue"":null,""error_code"":""UDAPI100500"",""property_path"":null,""invalid_value"":null}]}"
niftynext50,JSW Energy Ltd.,Power,JSWENERGY,EQ,INE121E01018,"Upstox API error 400: {""status"":""error"",""errors"":[{""errorCode"":""UDAPI100500"",""message"":""Something went wrong... please contact us"",""propertyPath"":null,""invalidValue"":null,""error_code"":""UDAPI100500"",""property_path"":null,""invalid_value"":null}]}"
niftynext50,Lodha Developers Ltd.,Realty,LODHA,EQ,INE670K01029,"Upstox API error 400: {""status"":""error"",""errors"":[{""errorCode"":""UDAPI100500"",""message"":""Something went wrong... please contact us"",""propertyPath"":null,""invalidValue"":null,""error_code"":""UDAPI100500"",""property_path"":null,""invalid_value"":null}]}"
niftynext50,Info Edge (India) Ltd.,Consumer Services,NAUKRI,EQ,INE663F01032,"Upstox API error 400: {""status"":""error"",""errors"":[{""errorCode"":""UDAPI100500"",""message"":""Something went wrong... please contact us"",""propertyPath"":null,""invalidValue"":null,""error_code"":""UDAPI100500"",""property_path"":null,""invalid_value"":null}]}"
niftyoilgas,Gujarat State Petronet Ltd.,Oil Gas & Consumable Fuels,GSPL,EQ,INE246F01010,MAPPING_NOT_FOUND
niftyoilgas,Hindustan Petroleum Corporation Ltd.,Oil Gas & Consumable Fuels,HINDPETRO,EQ,INE094A01015,NO_DATA
niftypharma,J.B. Chemicals & Pharmaceuticals Ltd.,Healthcare,JBCHEPHARM,EQ,INE572A01036,MAPPING_NOT_FOUND
niftypharma,Biocon Ltd.,Healthcare,BIOCON,EQ,INE376G01013,"Upstox API error 400: {""status"":""error"",""errors"":[{""errorCode"":""UDAPI100500"",""message"":""Something went wrong... please contact us"",""propertyPath"":null,""invalidValue"":null,""error_code"":""UDAPI100500"",""property_path"":null,""invalid_value"":null}]}"
niftypharma,Cipla Ltd.,Healthcare,CIPLA,EQ,INE059A01026,"Upstox API error 400: {""status"":""error"",""errors"":[{""errorCode"":""UDAPI100500"",""message"":""Something went wrong... please contact us"",""propertyPath"":null,""invalidValue"":null,""error_code"":""UDAPI100500"",""property_path"":null,""invalid_value"":null}]}"
niftyrealty,Oberoi Realty Ltd.,Realty,OBEROIRLTY,EQ,INE093I01010,"Upstox API error 400: {""status"":""error"",""errors"":[{""errorCode"":""UDAPI100500"",""message"":""Something went wrong... please contact us"",""propertyPath"":null,""invalidValue"":null,""error_code"":""UDAPI100500"",""property_path"":null,""invalid_value"":null}]}"
niftyrealty,Lodha Developers Ltd.,Realty,LODHA,EQ,INE670K01029,"Upstox API error 400: {""status"":""error"",""errors"":[{""errorCode"":""UDAPI100500"",""message"":""Something went wrong... please contact us"",""propertyPath"":null,""invalidValue"":null,""error_code"":""UDAPI100500"",""property_path"":null,""invalid_value"":null}]}"
nifty500,ACC Ltd.,Construction Materials,ACC,EQ,INE012A01025,"Upstox API error 400: {""status"":""error"",""errors"":[{""errorCode"":""UDAPI100500"",""message"":""Something went wrong... please contact us"",""propertyPath"":null,""invalidValue"":null,""error_code"":""UDAPI100500"",""property_path"":null,""invalid_value"":null}]}"
nifty500,Bajaj Holdings & Investment Ltd.,Financial Services,BAJAJHLDNG,EQ,INE118A01012,"Upstox API error 400: {""status"":""error"",""errors"":[{""errorCode"":""UDAPI100500"",""message"":""Something went wrong... please contact us"",""propertyPath"":null,""invalidValue"":null,""error_code"":""UDAPI100500"",""property_path"":null,""invalid_value"":null}]}"
nifty500,Biocon Ltd.,Healthcare,BIOCON,EQ,INE376G01013,"Upstox API error 400: {""status"":""error"",""errors"":[{""errorCode"":""UDAPI100500"",""message"":""Something went wrong... please contact us"",""propertyPath"":null,""invalidValue"":null,""error_code"":""UDAPI100500"",""property_path"":null,""invalid_value"":null}]}"
nifty500,CG Power and Industrial Solutions Ltd.,Capital Goods,CGPOWER,EQ,INE067A01029,"Upstox API error 400: {""status"":""error"",""errors"":[{""errorCode"":""UDAPI100500"",""message"":""Something went wrong... please contact us"",""propertyPath"":null,""invalidValue"":null,""error_code"":""UDAPI100500"",""property_path"":null,""invalid_value"":null}]}"
nifty500,Cipla Ltd.,Healthcare,CIPLA,EQ,INE059A01026,"Upstox API error 400: {""status"":""error"",""errors"":[{""errorCode"":""UDAPI100500"",""message"":""Something went wrong... please contact us"",""propertyPath"":null,""invalidValue"":null,""error_code"":""UDAPI100500"",""property_path"":null,""invalid_value"":null}]}"
nifty500,Exide Industries Ltd.,Automobile and Auto Components,EXIDEIND,EQ,INE302A01020,"Upstox API error 400: {""status"":""error"",""errors"":[{""errorCode"":""UDAPI100500"",""message"":""Something went wrong... please contact us"",""propertyPath"":null,""invalidValue"":null,""error_code"":""UDAPI100500"",""property_path"":null,""invalid_value"":null}]}"
nifty500,Gujarat State Petronet Ltd.,Oil Gas & Consumable Fuels,GSPL,EQ,INE246F01010,MAPPING_NOT_FOUND
nifty500,Hindustan Petroleum Corporation Ltd.,Oil Gas & Consumable Fuels,HINDPETRO,EQ,INE094A01015,NO_DATA
nifty500,Indian Railway Catering And Tourism Corporation Ltd.,Consumer Services,IRCTC,EQ,INE335Y01020,"Upstox API error 400: {""status"":""error"",""errors"":[{""errorCode"":""UDAPI100500"",""message"":""Something went wrong... please contact us"",""propertyPath"":null,""invalidValue"":null,""error_code"":""UDAPI100500"",""property_path"":null,""invalid_value"":null}]}"
nifty500,Info Edge (India) Ltd.,Consumer Services,NAUKRI,EQ,INE663F01032,"Upstox API error 400: {""status"":""error"",""errors"":[{""errorCode"":""UDAPI100500"",""message"":""Something went wrong... please contact us"",""propertyPath"":null,""invalidValue"":null,""error_code"":""UDAPI100500"",""property_path"":null,""invalid_value"":null}]}"
nifty500,J.B. Chemicals & Pharmaceuticals Ltd.,Healthcare,JBCHEPHARM,EQ,INE572A01036,MAPPING_NOT_FOUND
nifty500,JSW Cement Ltd.,Construction Materials,JSWCEMENT,EQ,INE718I01012,"Upstox API error 502: {""type"":""https://developers.cloudflare.com/support/troubleshooting/http-status-codes/cloudflare-5xx-errors/error-502/"",""title"":""Error 502: Bad gateway"",""status"":502,""detail"":""The origin web server returned an invalid or incomplete response to Cloudflare. This typically indicates the origin is overloaded or misconfigured."",""instance"":""a3d00b701d1f0fbe"",""error_code"":502,""error_name"":""origin_bad_gateway"",""error_category"":""origin"",""ray_id"":""a3d00b701d1f0fbe"",""timestamp"":""2026-09-18T11:35:00Z"",""zone"":""api.upstox.com"",""cloudflare_error"":true,""retryable"":true,""retry_after"":60,""owner_action_required"":true,""what_you_should_do"":""**Wait and retry.** Back off for at least 60 seconds. If the error persists, the website operator should check their origin server health and configuration."",""footer"":""This error was generated by Cloudflare on behalf of the website owner.""}
"
nifty500,JSW Energy Ltd.,Power,JSWENERGY,EQ,INE121E01018,"Upstox API error 400: {""status"":""error"",""errors"":[{""errorCode"":""UDAPI100500"",""message"":""Something went wrong... please contact us"",""propertyPath"":null,""invalidValue"":null,""error_code"":""UDAPI100500"",""property_path"":null,""invalid_value"":null}]}"
nifty500,Jindal Saw Ltd.,Capital Goods,JINDALSAW,EQ,INE324A01032,"Upstox API error 502: {""type"":""https://developers.cloudflare.com/support/troubleshooting/http-status-codes/cloudflare-5xx-errors/error-502/"",""title"":""Error 502: Bad gateway"",""status"":502,""detail"":""The origin web server returned an invalid or incomplete response to Cloudflare. This typically indicates the origin is overloaded or misconfigured."",""instance"":""a3d00b783bb2ffb7"",""error_code"":502,""error_name"":""origin_bad_gateway"",""error_category"":""origin"",""ray_id"":""a3d00b783bb2ffb7"",""timestamp"":""2026-09-18T11:35:01Z"",""zone"":""api.upstox.com"",""cloudflare_error"":true,""retryable"":true,""retry_after"":60,""owner_action_required"":true,""what_you_should_do"":""**Wait and retry.** Back off for at least 60 seconds. If the error persists, the website operator should check their origin server health and configuration."",""footer"":""This error was generated by Cloudflare on behalf of the website owner.""}
"
nifty500,Jubilant Foodworks Ltd.,Consumer Services,JUBLFOOD,EQ,INE797F01020,"Upstox API error 400: {""status"":""error"",""errors"":[{""errorCode"":""UDAPI100500"",""message"":""Something went wrong... please contact us"",""propertyPath"":null,""invalidValue"":null,""error_code"":""UDAPI100500"",""property_path"":null,""invalid_value"":null}]}"
nifty500,Jubilant Ingrevia Ltd.,Chemicals,JUBLINGREA,EQ,INE0BY001018,"Upstox API error 502: {""type"":""https://developers.cloudflare.com/support/troubleshooting/http-status-codes/cloudflare-5xx-errors/error-502/"",""title"":""Error 502: Bad gateway"",""status"":502,""detail"":""The origin web server returned an invalid or incomplete response to Cloudflare. This typically indicates the origin is overloaded or misconfigured."",""instance"":""a3d00b7ab8a2d0cc"",""error_code"":502,""error_name"":""origin_bad_gateway"",""error_category"":""origin"",""ray_id"":""a3d00b7ab8a2d0cc"",""timestamp"":""2026-09-18T11:35:01Z"",""zone"":""api.upstox.com"",""cloudflare_error"":true,""retryable"":true,""retry_after"":60,""owner_action_required"":true,""what_you_should_do"":""**Wait and retry.** Back off for at least 60 seconds. If the error persists, the website operator should check their origin server health and configuration."",""footer"":""This error was generated by Cloudflare on behalf of the website owner.""}
"
nifty500,Jyoti CNC Automation Ltd.,Capital Goods,JYOTICNC,EQ,INE980O01024,"Upstox API error 502: {""type"":""https://developers.cloudflare.com/support/troubleshooting/http-status-codes/cloudflare-5xx-errors/error-502/"",""title"":""Error 502: Bad gateway"",""status"":502,""detail"":""The origin web server returned an invalid or incomplete response to Cloudflare. This typically indicates the origin is overloaded or misconfigured."",""instance"":""a3d00b804f04ad56"",""error_code"":502,""error_name"":""origin_bad_gateway"",""error_category"":""origin"",""ray_id"":""a3d00b804f04ad56"",""timestamp"":""2026-09-18T11:35:03Z"",""zone"":""api.upstox.com"",""cloudflare_error"":true,""retryable"":true,""retry_after"":60,""owner_action_required"":true,""what_you_should_do"":""**Wait and retry.** Back off for at least 60 seconds. If the error persists, the website operator should check their origin server health and configuration."",""footer"":""This error was generated by Cloudflare on behalf of the website owner.""}
"
nifty500,LIC Housing Finance Ltd.,Financial Services,LICHSGFIN,EQ,INE115A01026,"Upstox API error 400: {""status"":""error"",""errors"":[{""errorCode"":""UDAPI100500"",""message"":""Something went wrong... please contact us"",""propertyPath"":null,""invalidValue"":null,""error_code"":""UDAPI100500"",""property_path"":null,""invalid_value"":null}]}"
nifty500,Lodha Developers Ltd.,Realty,LODHA,EQ,INE670K01029,"Upstox API error 400: {""status"":""error"",""errors"":[{""errorCode"":""UDAPI100500"",""message"":""Something went wrong... please contact us"",""propertyPath"":null,""invalidValue"":null,""error_code"":""UDAPI100500"",""property_path"":null,""invalid_value"":null}]}"
nifty500,Maharashtra Seamless Ltd.,Capital Goods,MAHSEAMLES,EQ,INE271B01025,"Upstox API error 502: {""type"":""https://developers.cloudflare.com/support/troubleshooting/http-status-codes/cloudflare-5xx-errors/error-502/"",""title"":""Error 502: Bad gateway"",""status"":502,""detail"":""The origin web server returned an invalid or incomplete response to Cloudflare. This typically indicates the origin is overloaded or misconfigured."",""instance"":""a3d00bb20fa9d6b5"",""error_code"":502,""error_name"":""origin_bad_gateway"",""error_category"":""origin"",""ray_id"":""a3d00bb20fa9d6b5"",""timestamp"":""2026-09-18T11:35:10Z"",""zone"":""api.upstox.com"",""cloudflare_error"":true,""retryable"":true,""retry_after"":60,""owner_action_required"":true,""what_you_should_do"":""**Wait and retry.** Back off for at least 60 seconds. If the error persists, the website operator should check their origin server health and configuration."",""footer"":""This error was generated by Cloudflare on behalf of the website owner.""}
"
nifty500,NHPC Ltd.,Power,NHPC,EQ,INE848E01016,NO_DATA
nifty500,Oberoi Realty Ltd.,Realty,OBEROIRLTY,EQ,INE093I01010,"Upstox API error 400: {""status"":""error"",""errors"":[{""errorCode"":""UDAPI100500"",""message"":""Something went wrong... please contact us"",""propertyPath"":null,""invalidValue"":null,""error_code"":""UDAPI100500"",""property_path"":null,""invalid_value"":null}]}"
nifty500,Tata Consultancy Services Ltd.,Information Technology,TCS,EQ,INE467B01029,"Upstox API error 400: {""status"":""error"",""errors"":[{""errorCode"":""UDAPI100500"",""message"":""Something went wrong... please contact us"",""propertyPath"":null,""invalidValue"":null,""error_code"":""UDAPI100500"",""property_path"":null,""invalid_value"":null}]}"
nifty500,Wipro Ltd.,Information Technology,WIPRO,EQ,INE075A01022,"Upstox API error 400: {""status"":""error"",""errors"":[{""errorCode"":""UDAPI100500"",""message"":""Something went wrong... please contact us"",""propertyPath"":null,""invalidValue"":null,""error_code"":""UDAPI100500"",""property_path"":null,""invalid_value"":null}]}"
Nifty India Internet Index,Indian Railway Catering And Tourism Corporation Ltd.,Consumer Services,IRCTC,EQ,INE335Y01020,"Upstox API error 400: {""status"":""error"",""errors"":[{""errorCode"":""UDAPI100500"",""message"":""Something went wrong... please contact us"",""propertyPath"":null,""invalidValue"":null,""error_code"":""UDAPI100500"",""property_path"":null,""invalid_value"":null}]}"
Nifty India Internet Index,Info Edge (India) Ltd.,Consumer Services,NAUKRI,EQ,INE663F01032,"Upstox API error 400: {""status"":""error"",""errors"":[{""errorCode"":""UDAPI100500"",""message"":""Something went wrong... please contact us"",""propertyPath"":null,""invalidValue"":null,""error_code"":""UDAPI100500"",""property_path"":null,""invalid_value"":null}]}"
