Index / Sector,Stocks,Successful,Average 3M Return,Average RS 3M,Median RS 3M,Positive RS %,RS > +5 %,RS > +10 %,Top Stock,Top Stock RS
niftyit,10,10,4.289522,11.907302,10.491706,90.0,80.0,50.0,COFORGE,32.344556
niftymetal,15,15,4.107902,11.725683,7.606525,80.0,60.0,40.0,WELCORP,88.664122
niftypharma,19,19,3.666705,11.284485,11.092017,78.947368,68.421053,52.631579,DIVISLAB,44.498052
niftyindiadefence,18,18,3.330866,10.948646,4.085564,55.555556,50.0,38.888889,CYIENTDLM,83.098738
niftymedia,10,10,0.397924,8.015704,5.409985,60.0,50.0,40.0,PFOCUS,35.398618
nifty500healthcare,47,47,0.086183,7.703963,7.596808,65.957447,59.574468,42.553191,DIVISLAB,44.498052
niftymidsmallhealthcare,29,29,-0.59791,7.01987,6.91371,62.068966,58.62069,41.37931,LAURUSLABS,36.256826
Nifty India Internet Index,27,27,-0.969122,6.648658,9.220014,59.259259,51.851852,44.444444,PAYTM,43.199899
niftyindiadigital,30,30,-1.003622,6.614158,5.447401,63.333333,53.333333,33.333333,PAYTM,43.199899
niftyhealthcare,20,20,-1.326616,6.291164,4.882599,60.0,50.0,35.0,DIVISLAB,44.498052
niftyauto,15,15,-2.756944,4.860837,5.901506,60.0,53.333333,40.0,SONACOMS,29.569
niftymidsmallitandtelecom,20,20,-2.79444,4.82334,2.763464,60.0,45.0,20.0,COFORGE,32.344556
niftynext50,50,50,-4.523207,3.094573,3.258534,58.0,46.0,26.0,DIVISLAB,44.498052
niftyprivatebank,10,10,-4.61146,3.00632,-0.443315,50.0,30.0,20.0,RBLBANK,21.54744
niftyrealty,10,10,-4.758003,2.859777,3.413056,60.0,40.0,30.0,BRIGADE,18.457519
niftybank,14,14,-5.102969,2.514811,0.575673,57.142857,28.571429,21.428571,KOTAKBANK,13.062015
niftyoilgas,14,14,-5.44736,2.17042,0.755817,71.428571,42.857143,28.571429,CASTROLIND,15.574606
nifty500,498,498,-5.770148,1.847632,-0.62431,47.590361,33.73494,23.694779,WELCORP,88.664122
niftyevnewageautomotive,35,35,-5.828641,1.789139,-0.821526,48.571429,42.857143,22.857143,ATHERENERG,32.051408
niftyconsumerdurables,15,15,-6.022439,1.595341,-4.32871,40.0,33.333333,13.333333,KALYANKJIL,45.950459
niftychemicals,20,20,-6.676794,0.940986,-2.255756,40.0,30.0,20.0,GNFC,18.9462
niftylargemidcap250,250,250,-6.749066,0.868714,-0.794614,45.2,30.0,18.0,KALYANKJIL,45.950459
nifty200,200,200,-6.813326,0.804455,-0.794614,45.5,29.5,17.0,KALYANKJIL,45.950459
niftypsubank,12,12,-7.269341,0.348439,-0.889212,33.333333,25.0,16.666667,PNB,11.623475
niftymidsmallfinancailservice,29,29,-7.298313,0.319467,-0.38607,44.827586,24.137931,17.241379,PAYTM,43.199899
nifty50,50,50,-7.439549,0.178231,-0.835125,40.0,20.0,10.0,ETERNAL,19.068162
niftyindiarailwayspsu,16,16,-7.707248,-0.089468,-2.589914,37.5,25.0,25.0,BHEL,17.367519
niftyhousing,47,47,-8.081931,-0.464151,-1.023353,40.425532,25.531915,14.893617,RBLBANK,21.54744
niftyenergy,39,39,-9.135318,-1.517538,-1.054009,48.717949,30.769231,15.384615,BHEL,17.367519
niftyinfra,30,30,-9.531886,-1.914106,-0.97557,40.0,23.333333,3.333333,MOTHERSON,14.952025
niftyfinancialservicesexbank,29,29,-9.770227,-2.152447,-3.533028,27.586207,10.344828,10.344828,PAYTM,43.199899
niftyfinance,20,20,-10.117625,-2.499845,-1.338531,25.0,5.0,5.0,KOTAKBANK,13.062015
niftyfinancialservices25-50,20,20,-10.117625,-2.499845,-1.338531,25.0,5.0,5.0,KOTAKBANK,13.062015
niftycpse,11,11,-11.570397,-3.952617,-3.950745,27.272727,9.090909,9.090909,OIL,12.806124
niftyfmcg,15,15,-11.637964,-4.020184,-4.530919,20.0,6.666667,6.666667,RADICO,16.473727
